date,新综指,沪深300,上证指数,机械设备,汽车,非银金融,银行,通信,传媒,计算机,国防军工,电气设备,建筑装饰,建筑材料,综合,休闲服务,商业贸易,房地产,交通运输,公用事业,医药生物,轻工制造,纺织服装,食品饮料,家用电器,电子,有色金属,钢铁,化工,采掘,农林牧渔
2019/7/19,0.7946,1.0496,0.7936,0.8503,0.785,1.7797,1.2544,-0.1117,0.5198,0.5368,0.0597,0.6565,0.5949,0.4314,1.316,0.6958,0.7124,2.2774,1.2296,0.8118,0.1808,0.6386,0.3133,0.7345,-0.0359,0.1443,1.4962,0.3884,0.0102,0.864,1.0048
2019/7/22,-1.2737,-0.6899,-1.273,-2.3118,-1.9833,-1.5871,-0.2906,-2.653,-2.936,-2.242,-3.4759,-1.4159,-1.7106,-1.8286,-2.8274,0.2526,-2.1649,-0.9784,-1.1342,-1.5563,-1.3811,-2.3503,-2.1613,-0.1279,-0.4879,-1.3051,-3.9397,-1.7977,-2.3035,-1.511,-3.1464
2019/7/23,0.4503,0.2176,0.4493,1.0767,1.1075,0.0681,0.1727,1.5484,1.173,1.8244,1.6466,1.6555,0.8932,0.2457,1.0913,-0.3031,1.4789,-1.0987,0.3372,0.7982,0.7237,0.6729,0.7736,-0.9579,0.8049,2.1588,0.2278,0.7245,1.1785,0.6652,0.7093
2019/7/24,0.8054,0.7894,0.8046,1.3276,1.2161,1.2625,0.5856,2.2513,0.8708,1.8646,1.5726,1.064,0.6795,0.5113,1.0036,0.3273,0.6897,0.1493,0.6903,0.5234,0.8049,1.3957,1.258,-0.071,0.6401,2.3323,1.0547,0.4757,1.01,1.1344,0.7533
2019/7/25,0.484,0.8177,0.4818,0.05,-0.0064,0.5208,1.4903,0.6704,0.2639,0.7993,0.4786,0.3427,-0.0843,0.2685,-0.1533,1.1168,0.1108,0.1921,0.6799,0.0289,0.2838,0.5242,-0.0492,1.1945,0.3745,2.5247,-0.7226,-0.0996,-0.2568,-0.1193,1.1565
2019/7/26,0.2443,0.1948,0.2445,1.0235,0.2183,0.0675,-0.0793,0.0434,-0.0779,-0.3606,1.0821,0.3493,0.2517,0.9763,-0.0621,1.0094,0.1866,0.0484,0.9106,0.4299,0.6932,0.2506,-0.0911,0.0567,0.1448,0.0647,-0.4412,-0.2287,0.07,-0.0634,-0.9655
2019/7/29,-0.1192,-0.1114,-0.12,-0.3649,-0.0939,-1.0882,-0.1172,0.4649,-0.2756,-0.1907,0.5751,-0.007,-0.0794,-0.2765,-0.1494,0.4553,-0.5403,-0.5231,-0.2768,0.3052,-0.6006,-0.0161,-0.1046,0.8709,-0.2932,1.1831,-0.189,-0.6032,0.0513,-0.3289,1.7198
2019/7/30,0.3862,0.4163,0.3853,0.3815,0.5933,1.0676,0.4443,0.0514,2.1319,0.347,-0.1931,0.1961,0.364,0.0194,0.8778,0.1263,0.3554,0.5674,0.0391,0.2591,0.5731,0.3335,0.1353,-0.3265,1.252,-0.9753,1.0592,0.572,0.6008,0.7437,0.2149
2019/7/31,-0.668,-0.9033,-0.6718,-0.5238,-0.9178,-1.3317,-0.7646,-0.2575,-0.7936,-0.449,0.3102,-0.5424,-1.3419,-1.981,-1.2287,0.0159,-0.3136,-2.4117,-0.6388,-0.355,-0.5981,-0.755,-0.4357,-1.4622,-0.495,0.0131,-0.0612,-0.6433,-0.679,-0.2908,-0.3255
2019/8/1,-0.8082,-0.8314,-0.8095,-0.1278,-0.7513,-0.9064,-0.8897,-0.4411,-0.265,-0.3078,-1.3528,-0.4792,-0.7241,-0.7755,-0.3375,-0.7397,-1.1299,-1.5438,-0.9947,-0.1068,-0.7341,-0.9338,-0.5587,-1.2378,-1.7491,0.0333,-0.9335,-1.1036,0.0084,-0.8916,1.7693
2019/8/2,-1.4077,-1.4732,-1.4071,-1.8417,-1.8275,-2.5199,-1.1703,-2.545,-1.6383,-1.6009,-2.0103,-1.2546,-1.4503,-1.6057,-1.1328,-0.0191,-1.3763,-1.5389,-1.5495,-1.215,-1.0233,-1.4098,-1.4078,-0.7169,-1.6081,-2.4275,0.8941,-1.1206,-1.6054,-1.955,0.2584
2019/8/5,-1.61,-1.9146,-1.6159,-1.6749,-2.002,-1.9471,-1.8282,-0.9564,-1.946,-1.1361,-0.5964,-1.4148,-1.5278,-1.8409,-1.8967,-3.431,-1.0405,-2.3331,-2.0879,-1.3596,-1.7848,-1.067,-0.1108,-1.6095,-1.5988,-1.6384,1.0301,-1.5842,-1.7585,-1.7868,0.1511
2019/8/6,-1.5573,-1.0708,-1.5573,-2.316,-2.4549,-0.5015,-1.0619,-2.4594,-2.5161,-2.7454,-2.1003,-2.3187,-2.4747,-1.1338,-2.7516,-1.4119,-2.3831,-1.3176,-2.1588,-2.0383,-1.3091,-2.6968,-2.3453,-0.4393,-2.0688,-1.6595,-2.4847,-3.2501,-2.9211,-2.7479,-1.7348
2019/8/7,-0.3207,-0.4097,-0.3196,-0.5457,-0.3941,-1.3759,-0.2909,-0.8622,-0.8585,-1.385,-1.5316,-0.4203,-0.6301,-0.1953,-0.1332,-0.2672,-0.3653,0.5314,-0.96,0.3859,0.4841,0.0726,0.2345,-0.4275,-0.782,-1.2258,3.583,0.0218,-0.1395,0.7643,-0.8623
2019/8/8,0.9341,1.3216,0.9345,0.2974,1.3412,1.2658,1.7271,1.0995,1.0651,0.8577,2.5171,0.4431,0.5248,0.5687,0.9748,1.2596,0.5412,0.0519,0.4133,0.8073,1.4754,0.5548,0.4507,1.6484,1.0446,2.0194,-0.6141,0.4928,0.965,0.021,0.5222
2019/8/9,-0.7074,-0.9747,-0.7085,-0.9215,-0.8483,-0.848,-0.156,-3.077,-0.9563,-1.4477,-2.0955,-1.1304,-0.8221,-1.304,-0.9143,-0.7645,-0.7109,-1.4349,-0.7213,-0.9948,-0.2521,-0.9582,-1.3041,-1.3224,-1.3972,-1.3192,-0.8359,-0.3621,-1.354,-0.9917,-3.1846
2019/8/12,1.4512,1.8047,1.4503,1.7606,1.1674,2.3396,1.1274,2.829,1.9876,2.6399,1.2236,1.67,1.0085,0.8971,1.4137,0.7071,0.9503,1.6624,1.1868,0.8212,1.3783,1.0902,0.859,3.4441,0.6865,4.833,-0.6763,0.5779,1.4199,1.3187,1.3234
2019/8/13,-0.6287,-0.9017,-0.63,-1.0228,-1.2686,-1.5863,-1.0894,-0.8373,-1.0666,-1.2489,-0.0808,-0.671,-1.1158,-1.5012,-0.5312,-1.3625,-0.8229,-0.929,-0.0407,-0.3093,0.0273,-0.0116,-0.3799,-0.2611,-0.4276,-0.4873,1.2892,-0.8512,-0.6086,-0.9636,-1.1991
2019/8/14,0.4169,0.4542,0.4167,0.3695,0.7038,0.0662,-0.2365,0.5689,0.4197,0.7973,1.4532,0.2391,0.1594,0.5321,0.8674,1.7006,0.6902,-0.0299,0.3536,0.5869,1.4725,0.6927,0.4213,1.8418,0.2099,0.8746,-0.7137,0.2602,0.7104,0.6331,-0.5003
2019/8/15,0.2475,0.315,0.245,0.0122,0.4092,0.6435,-0.0746,1.0517,0.6629,1.809,0,0.7169,-0.177,0.349,0.0852,-0.9201,0.1373,0.015,-0.0468,0.1629,0.7744,0.4898,-0.2488,-0.0119,-0.4636,1.8382,-0.3251,0.2016,0.1369,-0.4631,-0.3619
2019/8/16,0.2841,0.4477,0.285,0.1995,0.2028,0.689,-0.2364,-0.2776,0.5762,1.0694,-0.0027,-0.4731,-0.0328,0.9836,0.8107,2.9294,0.7048,-0.1006,0.4095,0.2183,0.8537,0.4834,0.2322,1.4063,0.2495,0.7512,0.6635,-0.2709,0.1484,0.012,1.6984
2019/8/19,2.0991,2.171,2.099,2.6073,2.203,4.0763,0.4711,4.6407,4.1633,4.987,2.8837,3.2456,2.6153,2.5312,3.0987,1.0736,2.7555,3.0669,2.6152,2.6044,2.319,2.9085,2.3603,0.979,2.6278,4.1948,1.2936,2.0543,2.454,2.1267,-0.5555
2019/8/20,-0.1064,-0.0887,-0.1073,0.0374,-0.3589,-0.7501,-0.2098,0.101,0.4168,-0.1323,0.5734,-0.2435,0.37,0.374,0.0466,0.1448,-0.1753,0.4169,0.1375,-0.6635,0.0004,-0.0188,0.0551,0.7781,0.1865,0.163,1.0328,0.0185,-0.1193,0.331,0.271
2019/8/21,0.0113,-0.1577,0.0114,-0.3042,-0.262,-0.1561,-0.3053,0.2595,-0.3708,0.0506,0.0848,1.6514,-0.0618,0.4946,0.5403,-0.2486,0.2087,0.4035,0.4888,0.2177,-0.4655,0.1223,-0.0659,-0.9493,1.1837,1.0498,-1.3194,-0.3535,0.1669,-0.5402,-0.8966
2019/8/22,0.1082,0.3107,0.1078,0.1617,0.3704,0.1106,-0.1673,-0.1595,1.0432,0.2506,1.4592,0.2036,-0.1183,-0.5817,0.1814,2.2225,-0.0985,-0.5403,0.3209,0.1084,0.6817,0.6907,0.4095,1.923,0.4277,-0.3197,0.0081,-0.419,0.056,-0.0352,1.2644
2019/8/23,0.4866,0.7212,0.4852,0.1423,0.1633,0.852,1.095,-1.4523,-0.7164,-0.4839,-0.668,-0.3618,-0.2054,0.7189,-0.3996,0.3718,0.09,-0.2033,0.3029,-0.1715,2.3961,0.0153,-0.0242,1.1175,0.3274,-0.1189,-0.2415,0.0254,-0.1723,0.0754,-1.2554
2019/8/26,-1.168,-1.4382,-1.1686,-1.4919,-0.062,-2.1359,-1.6795,-1.667,-1.3598,-0.9648,0.0009,-1.2732,-1.3285,-0.9746,0.0682,-0.8562,-0.242,-1.2633,-0.9224,-0.8649,0.5331,-0.8272,-1.1559,-1.8861,-1.594,-1.1284,0.3343,-0.7842,-0.9529,-0.632,-0.1843
2019/8/27,1.3504,1.3552,1.3489,1.7225,2.8898,1.1408,0.4511,1.9342,2.3827,3.0003,1.7361,1.723,1.7489,0.9842,1.3263,1.2002,1.5995,1.0078,1.1709,1.5832,1.3348,1.2151,1.3573,1.5939,2.4585,1.3608,0.9708,1.8918,1.6479,1.3544,3.0768
2019/8/28,-0.2906,-0.3762,-0.2907,-0.1472,0.6146,-1.1635,-0.7949,-0.2213,0.423,-0.3001,0.3094,0.41,-0.0048,-0.3754,-0.8434,0.2066,0.7944,-0.2331,-0.1561,-0.2984,-1.2311,-0.3983,0.6714,0.4007,0.2168,-0.8586,-0.6436,0.1026,-0.0223,0.47,3.1408
2019/8/29,-0.0986,-0.326,-0.098,-0.3641,-0.6216,-0.5011,-0.6116,-0.6831,0.6461,1.2719,0.2656,-0.4892,-0.4217,-0.8255,-0.0272,0.4071,0.0255,-1.5733,-0.3262,-0.5552,-0.0655,0.085,0.2401,0.7086,-0.7741,0.6748,0.3441,-0.5791,0.1235,-0.4117,-0.8073
2019/8/30,-0.1613,0.248,-0.162,-1.1347,-0.6223,0.0952,0.19,-1.9586,-1.5023,-1.5521,2.6314,-1.0131,-1.0518,-0.7626,-1.4427,-0.0677,-1.4714,-0.8987,-0.6288,-1.2367,-0.283,-1.5541,-0.8197,1.8521,1.2585,-1.9622,-0.381,-0.7201,-1.038,-0.8743,-0.8678
2019/9/2,1.3118,1.2826,1.3121,2.4516,0.9644,1.695,0.57,2.5449,3.438,4.2792,4.1805,2.7061,2.0702,3.052,2.1842,0.215,0.8987,1.0032,1.2608,0.9042,1.6195,1.7551,1.9047,0.1541,2.7413,3.2692,1.4134,1.6632,1.949,2.5714,0.373
2019/9/3,0.2066,0.1375,0.2068,0.5394,-0.546,-0.0063,-0.0621,2.3593,0.8133,0.9627,0.3097,0.2486,0.8625,1.4446,0.7555,0.0267,-0.2409,-0.3233,-0.075,0.3792,-0.5977,0.3779,0.3534,-0.3093,0.2051,3.3949,0.2757,0.3897,0.3865,-0.0379,0.5025
2019/9/4,0.9321,0.8405,0.9303,0.968,0.1945,1.0518,1.6164,0.6086,0.7743,0.9517,-1.07,0.8889,2.2672,1.9485,0.2921,-0.7109,0.4615,2.6721,0.9665,0.5175,-0.0531,0.4519,0.3747,-1.0199,1.4555,0.7859,1.3315,1.7548,1.3542,1.3109,0.0633
2019/9/5,0.961,1.0119,0.9621,1.3026,1.2882,2.0422,1.2783,1.893,0.8811,2.0561,0.5365,0.6101,0.1256,0.176,0.8476,0.2707,0.7671,0.1192,0.5396,0.5311,0.3063,0.7211,0.5218,0.9163,-0.6458,1.5453,0.9217,0.1976,0.9191,0.0972,0.5831
2019/9/6,0.4606,0.5906,0.4601,0.564,1.9643,1.2189,0.6371,3.4262,0.4423,0.7455,0.2672,0.0271,-0.033,0.171,-0.6628,0.7235,-0.0734,0.2333,0.6152,0.3267,0.6831,-0.1708,0.1358,0.0257,0.2841,0.5026,-1.3378,-0.2132,0.6173,0.1719,-2.5339
2019/9/9,0.8366,0.619,0.838,1.8979,1.047,0.4992,-0.3049,5.2694,2.8202,4.3727,1.3324,2.4815,1.1407,0.5714,1.8671,0.5664,1.2324,1.2898,0.3724,0.8537,0.7136,1.6651,1.2191,0.0843,0.671,4.0341,1.6144,1.2622,2.0069,1.0375,-0.6894
2019/9/10,-0.1169,-0.3444,-0.1169,-0.0205,-0.8105,-0.3352,-0.4094,-0.4123,-0.2628,-1.0278,-1.0009,0.1942,-0.0625,0.0279,0.1074,-0.6884,0.4802,-0.112,-0.522,0.2235,1.1991,1.0392,0.293,-0.361,-0.1048,-1.5682,0.192,0.1956,0.2687,0.0551,1.4914
2019/9/11,-0.4119,-0.7367,-0.4101,-0.3,-0.1517,0.4965,0.7009,-2.1952,-0.6832,-1.4845,-1.2928,-0.4264,-0.2894,-0.7781,0.4508,-1.4914,-0.6034,-0.3389,-0.6301,-0.1251,-1.6748,-0.1101,-0.9063,-3.694,-0.8057,-0.7233,-0.1546,-0.0905,-0.0021,0.2192,-2.2404
2019/9/12,0.7477,1.0758,0.7453,0.6589,0.3979,2.0509,0.4075,0.9767,0.5221,0.7912,0.3229,0.8128,1.0828,1.0257,-0.1088,1.0284,0.4368,2.1633,0.7846,0.4368,0.2916,0.249,0.3762,1.5466,1.2994,0.254,-0.145,0.9904,0.6457,0.0401,-0.1221
2019/9/16,-0.0166,-0.3691,-0.0159,0.0427,0.1381,-1.3362,-0.5417,0.2234,0.3601,1.2449,0.0727,-0.0249,-0.4404,-0.3329,0.7902,0.0468,-0.2933,-0.5323,-0.2118,0.23,0.2612,-0.2321,0.5164,-0.3438,-0.7118,1.2896,0.5665,-0.1643,0.2226,1.281,0.4623
2019/9/17,-1.7369,-1.6801,-1.7368,-2.3888,-2.2719,-2.4147,-1.2531,-2.7582,-2.4873,-3.0201,-2.9525,-2.7192,-2.0777,-1.9622,-2.6542,-1.329,-1.8464,-1.6357,-1.4206,-1.7248,-1.5513,-1.9243,-1.1065,-0.5949,-1.7793,-2.1515,-2.63,-2.1031,-1.8433,-1.6628,-1.167
2019/9/18,0.2526,0.4848,0.2532,0.2446,0.0026,-0.1127,0.0608,-0.2847,0.4738,-0.8562,-0.7731,-0.1645,-0.1695,0.2262,0.22,1.2665,0.1882,0.8919,0.6165,-0.031,0.8306,0.0531,0.8083,3.2712,0.5246,0.4382,-0.3668,-0.3025,-0.5265,-1.1397,-0.1636
2019/9/19,0.4567,0.3657,0.4562,1.1798,0.7192,0.2659,0.1485,1.8811,0.4507,1.7179,1.8188,0.9378,0.4198,0.3888,0.771,2.4596,0.6457,-0.1086,0.1104,0.0358,0.7238,0.7136,0.4696,-0.3144,0.5928,2.6253,1.1356,0.327,0.6922,0.0193,0.8787
2019/9/20,0.2388,0.2872,0.239,0.7351,0.2545,-0.182,0.4383,-0.7325,-0.3232,0.1541,-0.5703,0.3411,0.2091,0.6631,-0.1774,-1.3979,0.243,-0.1454,0.2186,0.4534,0.7539,-0.118,-0.7012,0.7794,-0.3759,1.1584,0.2092,-0.4055,-0.4413,-0.2379,-0.2881
2019/9/23,-0.9795,-1.1431,-0.9769,-1.1947,-0.8321,-1.3114,-0.9339,-0.8467,-0.7353,-0.4667,-0.8214,-0.7818,-1.6008,-1.4914,-1.4002,-1.0014,-1.2725,-1.6244,-1.3326,-0.9104,-1.5381,-0.9479,-0.6739,-1.169,-0.8059,0.8563,-1.3146,-0.878,-1.1837,-0.9601,-1.8434
2019/9/24,0.278,0.2677,0.2776,0.2503,0.2072,-0.0734,-0.1556,1.5666,0.5413,0.8237,-0.1903,0.8506,-0.3114,-0.2472,0.4037,0.4989,0.2001,-0.0843,0.1788,0.1562,1.0499,-0.0002,0.2808,1.6807,0.1173,0.077,0.3569,-0.4361,0.0026,-0.355,-1.7169
2019/9/25,-1.0028,-0.7714,-1.0018,-1.5662,-1.8262,-0.5056,0.4538,-2.5987,-1.7281,-2.2901,-2.1062,-1.8661,-1.3121,-0.7796,-1.0198,-0.404,-0.5714,-0.7903,-0.6885,-1.5629,-1.2028,-1.4591,-1.3683,-0.5864,-1.3204,-4.0131,-0.6989,-1.0991,-1.0938,-1.478,-0.737
2019/9/26,-0.8909,-0.771,-0.8914,-2.2164,-1.9337,-0.8901,1.4533,-4.287,-2.4795,-4.3601,-4.2234,-2.2699,-1.1561,-0.7725,-2.4248,-0.925,-0.9627,-0.5248,-0.8462,-0.9433,-1.8262,-2.0814,-1.5179,-0.9205,-0.5878,-3.6401,-3.68,-0.5849,-2.1518,-0.9428,-5.8135
2019/9/27,0.1041,0.2998,0.1052,0.837,0.3919,0.3145,0.0409,1.176,1.0587,1.0926,0.4243,0.8182,0.3739,-0.2194,0.8394,-0.1277,-0.1104,-0.3461,-0.028,-0.2432,0.4253,0.7897,0.237,0.1066,-0.1547,2.5958,-0.0876,-0.0623,0.6444,-0.3596,3.2725
2019/9/30,-0.9225,-0.9896,-0.9201,-0.8968,-0.7116,-1.889,-1.0124,-1.9501,-1.6309,-1.7002,-1.1437,-1.0743,-0.4933,-0.1776,-0.6822,-0.3349,-0.7279,-0.4167,-0.5705,-0.5685,-0.4331,-0.5836,-0.42,-1.3399,-0.2782,-2.8593,-0.994,-0.6981,-0.5373,-0.2118,1.1293
2019/10/8,0.2902,0.6069,0.2885,0.5179,-0.3602,0.235,1.3274,-0.6506,-1.2597,-0.9191,-1.1521,0.1588,0.484,2.3593,1.5576,0.8743,-0.0563,1.9901,-0.7141,0.7628,0.5205,0.1029,0.1531,0.9874,1.8312,-1.498,-0.008,0.3662,0.2194,0.0177,2.5598
2019/10/9,0.3893,0.1449,0.3874,0.7165,0.3053,0.304,1.1889,0.9324,0.4282,1.0259,0.6871,0.9187,0.2698,0.2091,0.3989,-2.1397,0.4498,1.9141,0.8887,0.1569,-0.1456,0.8895,0.5127,-0.9482,-0.6409,0.841,1.3467,0.7286,0.9242,0.7814,0.3281
2019/10/10,0.7832,0.817,0.7814,1.0708,1.1604,0.5399,-0.0613,1.8316,1.1917,2.2909,0.9062,1.2424,0.5303,0.2858,1.5545,1.5391,1.2238,0.1898,2.0951,0.5753,2.7324,1.0042,1.2338,0.4627,0.6487,1.963,0.2771,0.4104,1.1641,0.4067,2.8085
2019/10/11,0.882,0.9571,0.8802,0.4938,0.3175,1.6644,1.9798,-0.2821,0.7665,0.0835,-0.3963,-0.4,0.2947,2.2936,0.6073,-0.3259,0.1982,0.5762,0.8098,0.6137,0.4279,0.4316,0.0101,0.6191,1.0336,-0.2832,-0.6261,0.3699,0.2044,1.0903,-0.8172
2019/10/14,1.1519,1.0613,1.151,1.1,1.9294,1.2116,2.0015,1.2518,2.4471,2.1512,1.5376,1.2854,1.1887,0.6428,1.518,0.3667,1.2318,1.0306,0.7708,0.9272,0.8422,1.3671,1.0281,0.3845,0.8285,2.2557,0.5126,0.8647,1.1645,0.5778,-0.1255
2019/10/15,-0.56,-0.4298,-0.5598,-1.0203,-1.2828,-0.8532,0.1531,-2.3144,-1.2533,-2.9024,-2.1507,-1.3074,-0.679,-0.919,0.0629,0.6625,-0.5803,-0.5897,-0.3231,-0.8169,-0.1603,-0.948,-0.7142,1.3709,-0.1397,-2.5628,-1.6648,-0.8348,-1.2643,-1.2472,-0.4428
2019/10/16,-0.4138,-0.3446,-0.4123,-0.8207,-0.6021,-0.0779,-0.4156,-0.7817,0.0243,0.2212,-0.778,-1.6537,-0.4214,0.1583,-0.2619,0.5828,-0.7934,0.5592,-0.4855,-0.2076,0.5042,-0.2576,-0.518,-1.9517,0.2621,-0.7889,-1.1648,-0.5135,-0.2851,-0.7076,-1.1766
2019/10/17,-0.0435,0.0646,-0.0463,-0.1917,-0.006,0.2407,-0.2025,0.1138,0.6031,0.3017,-0.7539,-0.4983,0.1284,-0.3695,-1.0562,0.2709,0.1404,-0.5249,0.0321,-0.1249,0.0147,0.2979,-0.3285,0.3886,-0.8278,0.4996,0.1221,-0.3165,-0.3206,-0.2625,-0.1536
2019/10/18,-1.3166,-1.4227,-1.3164,-1.3083,-1.3975,-2.189,-1.5674,-1.0015,-0.9089,-1.6878,-1.4483,-1.4999,-1.322,-1.2169,-1.0326,-1.2453,-0.8548,-1.7689,-1.462,-0.8401,-0.4538,-0.6096,-0.3664,-1.0108,-0.9368,-2.2748,-1.6934,-0.8557,-1.072,-1.0823,0.2624
2019/10/21,0.0506,0.2962,0.0502,-0.4187,-0.7674,-0.2899,1.1742,-0.8002,-0.8961,-0.356,0.2093,-0.3523,-0.2013,-0.0473,-0.7255,-0.2823,-0.1319,1.517,-0.2534,-0.6628,-1.3961,-0.7744,-0.1013,-0.2402,0.9581,0.0343,-0.2594,-0.258,-0.3899,-0.1628,3.4362
2019/10/22,0.5015,0.3876,0.5022,0.9228,0.5999,0.3521,-0.3357,1.1131,0.9683,2.2716,0.4027,0.9894,0.4626,0.2803,0.4558,0.2324,0.6756,0.1914,0.5247,0.4882,1.3935,1.5891,1.0096,0.5271,0.9365,1.9307,0.6672,0.4255,0.7368,0.1595,0.4326
2019/10/23,-0.4318,-0.6365,-0.4319,-0.9307,-0.568,-0.8093,-0.031,-0.869,-0.3603,-0.8845,-0.8613,-0.2732,-0.2248,-0.1282,-0.8393,-1.5524,-0.8649,-1.3133,-1.068,-0.2909,-1.52,-0.0982,-0.5479,-1.1959,-0.4119,-0.2339,-0.7138,-0.8534,-0.7337,-0.6388,0.5827
2019/10/24,-0.0239,-0.0108,-0.0237,-0.3218,0.2426,0.338,1.125,-0.5927,0.2403,-0.4644,0.3643,-0.0002,-0.1228,-0.2691,-0.0323,-2.1218,-0.6169,0.4557,-0.7136,0.4591,-0.6597,-0.5261,-0.5487,-1.4179,-0.4675,-0.2313,-0.3804,0.398,-0.354,0.3445,1.3416
2019/10/25,0.4787,0.6749,0.4764,0.6401,0.8325,-0.2749,-0.2257,0.9461,0.6096,0.6559,0.4085,0.5317,0.233,0.415,0.7502,1.3281,0.3995,0.7378,0.546,0.1864,1.1802,1.2336,0.3554,1.7079,-0.3772,1.6788,0.7286,0.4245,0.5956,0.5875,4.1329
2019/10/28,0.8503,0.7646,0.85,1.1967,1.2223,1.1548,-0.5987,3.174,3.276,6.0644,1.699,1.4579,0.6045,0.2756,1.2857,1.356,1.4431,-0.3919,1.0235,0.5839,1.4756,1.7782,1.0726,1.218,0.1202,2.1798,1.5034,0.4905,1.1764,0.4554,0.1565
2019/10/29,-0.868,-0.4166,-0.8682,-1.4049,-0.9823,-1.4378,-0.2916,-2.2502,-1.3844,-2.7993,-1.5994,-1.4793,-1.0875,-1.2946,-1.0851,0.0354,-1.452,-0.9529,-1.543,-0.8989,0.0414,-0.4307,-0.7894,1.0929,1.4787,-2.0087,-1.6971,-0.9555,-1.1866,-1.0349,1.4805
2019/10/30,-0.5029,-0.4859,-0.5029,-1.19,-1.0457,-0.4151,-0.33,-1.2933,-1.0159,-1.6346,-1.295,-1.0289,-1.2091,-0.5164,-1.6908,-1.3548,-0.4158,-0.8427,-0.3843,-0.5322,-0.8721,-1.093,-1.8234,-0.8852,-1.0684,0.3044,-1.3564,-0.8979,-0.9476,-0.7665,0.0359
2019/10/31,-0.3487,-0.115,-0.3492,-1.0811,-0.9841,-0.0313,-0.55,-0.3046,-1.2578,-1.8852,-0.5757,-0.6875,-0.7746,-0.7061,-0.4983,-0.0439,-0.7859,-0.6844,-0.6877,-0.4398,0.7384,-1.5303,-1.2985,0.6357,1.5424,-1.4161,-0.5576,-1.345,-0.5067,-0.5584,-2.6929
2019/11/1,0.9961,1.6887,0.995,0.8531,2.0832,1.7141,2.1072,0.9964,0.9869,0.8871,0.3963,0.6263,1.0404,2.2534,0.9707,0.2593,1.3421,1.6247,0.8366,0.6938,1.3032,0.6345,0.7038,0.897,6.5114,1.2241,1.2221,0.5673,0.773,0.4754,-0.8943
2019/11/4,0.5844,0.6511,0.5845,0.0841,0.3917,0.368,0.5736,0.8886,-0.1791,1.017,-0.3188,0.2783,0.2091,1.6363,0.5477,1.984,-0.1989,-0.0839,1.3206,0.2813,1.3602,0.7543,-0.2403,0.7774,0.7647,1.416,0.443,-0.4761,0.436,-0.0576,0.3532
2019/11/5,0.5407,0.6207,0.5401,0.0155,0.1822,0.6899,1.161,-0.4493,0.1599,0.4616,0.2956,0.8627,0.5085,0.4668,-0.4951,0.0826,0.0784,0.3822,0.0614,0.1291,0.0856,0.6948,0.157,0.4073,0.2496,1.3444,0.5537,0.436,0.365,0.535,1.1589
2019/11/6,-0.4331,-0.448,-0.4335,-0.7132,-0.5727,-0.6808,0.3393,-1.7852,-1.4332,-1.562,1.6235,-0.1399,-0.8198,-0.6989,-0.4544,-0.7057,-1.3576,-0.9728,-1.0653,-0.5833,-0.5842,-0.8713,-0.7516,-0.8809,-0.1874,-1.009,-0.1647,0.3241,-0.3914,-0.6218,-2.6503
2019/11/7,0.0029,0.1755,0.004,0.5633,0.809,0.1484,-0.2247,0.3794,1.0927,1.2114,-0.7143,0.3649,-0.1504,0.5821,0.5544,-0.6621,0.2778,0.3983,-0.0446,-0.053,0.9448,0.5261,1.1309,0.5903,0.0892,0.5402,-0.2766,-0.2944,0.5561,0.0462,1.765
2019/11/8,-0.4884,-0.4726,-0.4878,-0.5148,0.3401,-0.8997,-1.2518,-0.6044,-0.0856,-0.0632,-0.5084,-0.1622,-0.5016,-0.4919,0.0327,0.0877,-0.1963,-0.5325,-0.2815,-0.0371,-0.3095,-0.2543,-0.6277,0.3049,-0.1155,0.4521,-0.3627,-0.5766,-0.4609,-0.397,-1.9106
2019/11/11,-1.8298,-1.7627,-1.8288,-2.2788,-1.5878,-1.5095,-1.5335,-2.8145,-2.0507,-2.6875,-2.5376,-2.1655,-2.5659,-2.4551,-2.0774,-2.5845,-2.6192,-2.3592,-2.1591,-1.8018,-2.343,-1.8674,-2.0194,-1.0695,-3.6709,-1.9551,-2.4348,-2.2649,-2.376,-2.5744,-1.5163
2019/11/12,0.1674,0.0182,0.1666,0.3515,0.0882,0.2094,0.189,0.4169,0.3296,-0.1809,0.048,-0.0075,0.3364,0.4881,-0.4681,-0.1652,0.0149,0.1347,0.1291,-0.0437,0.3664,0.7268,0.4444,0.3718,-1.7337,-0.2133,-0.5861,-0.0271,0.3505,0.6662,0.5867
2019/11/13,-0.3285,-0.095,-0.3288,-0.3747,-0.581,-0.8624,-0.4598,0.0016,-0.4967,-0.2123,-0.6353,-0.3464,-0.6364,-0.3269,0.1213,-1.1924,-0.5735,-0.7784,-0.6567,-0.5585,0.9867,-0.3705,-0.5496,1.044,-0.0212,1.4268,0.1601,-0.947,-0.3857,-0.9898,-0.9609
2019/11/14,0.16,0.1507,0.1593,0.7571,0.0803,-0.006,-0.5137,0.9156,0.1479,1.5364,0.5121,0.3977,0.9102,1.0429,0.3239,-0.3624,0.1794,0.1344,-0.1216,-0.3076,1.0396,0.1807,-0.4211,0.4421,0.4666,1.9741,-0.2502,0.1678,0.3392,-0.1892,-0.2131
2019/11/15,-0.6353,-0.7365,-0.6367,-1.0528,-0.7706,-0.6293,-0.046,-1.6309,-0.4163,-0.8417,-0.8229,-1.479,-1.7161,-1.6691,-0.7475,-1.2239,-1.1219,-0.7434,-0.7497,-0.9325,-0.8479,-1.3263,-1.3249,-0.6222,-0.6577,-1.1099,-0.7255,0.3385,-1.3913,-1.5244,-2.9124
2019/11/18,0.6195,0.7954,0.6176,0.9755,0.5886,1.1666,1.2114,0.777,1.1334,0.8377,0.3921,0.8706,0.3349,1.3661,0.4999,1.5689,0.5858,0.5547,0.7328,0.6422,0.5791,1.0827,0.0067,0.0825,0.3576,0.0025,0.5638,1.6881,0.7835,1.1876,0.8974
2019/11/19,0.8522,1.0008,0.8521,1.7248,1.1749,0.5104,-0.0299,2.2035,4.2128,2.0664,1.5644,2.2202,1.0742,2.7484,2.1907,0.956,1.0865,1.4934,0.8419,0.9406,1.9094,2.0573,0.9874,0.8002,1.5443,1.7065,2.054,1.3127,1.4024,0.9042,0.952
2019/11/20,-0.7829,-0.9925,-0.7818,-0.9642,-0.7967,-1.3581,-1.7694,-0.9674,-0.6435,-0.4122,-0.9758,-1.0011,-0.8999,-0.9854,-0.152,-0.3806,-0.8624,-0.6594,-0.6366,-0.5698,-0.108,-0.7626,-0.8995,0.0714,-1.1187,-1.4526,0.7662,-0.3482,-0.5066,0.1184,-1.2987
2019/11/21,-0.2545,-0.4674,-0.2548,0.0343,-0.1787,-0.8363,-0.2781,-0.2949,-0.0028,-0.1802,1.1833,0.5181,0.0826,0.0862,-0.3311,-0.3291,-0.0554,-0.1351,-0.1918,0.0874,-1.2093,0.0663,-0.5142,-0.3938,-1.4841,0.0401,-0.5447,0.6588,0.1255,0.2904,-0.4443
2019/11/22,-0.6314,-1.0182,-0.6319,-0.3605,-0.3076,-0.941,-0.3879,-1.075,-1.536,-1.9137,-0.3505,0.0959,0.6237,0.3898,-0.4437,-1.3436,-0.3531,-0.0754,-0.5342,-0.2658,-3.0994,-1.0714,-0.457,-2.5034,-0.9913,-2.2109,0.4555,1.3553,-0.2339,0.8561,-1.3194
2019/11/25,0.7246,0.7328,0.7237,0.383,1.4004,0.6329,1.199,-1.5224,-1.0769,-2.6946,-1.0516,0.1412,2.2516,3.7257,0.6755,-1.0202,0.2798,2.5842,0.9354,0.9471,-0.8992,-0.5279,0.6043,-0.4724,1.0882,-2.3026,1.2437,4.6694,1.0573,3.0869,-1.0282
2019/11/26,0.0384,0.3467,0.0307,-0.0453,0.1879,-0.1032,-0.6258,0.1984,0.0723,0.1171,0.4936,0.7569,-0.5344,-1.1691,-0.6019,1.309,-0.3167,-0.5229,0.1901,-0.0101,0.564,-0.1175,-0.0072,0.723,0.3352,1.4101,-0.1144,-2.8155,-0.0757,-1.1932,0.8499
2019/11/27,-0.135,-0.412,-0.133,-0.0028,-0.2886,-0.6266,0.1082,0.3193,-0.7484,-0.0572,-0.39,-0.4872,-0.6083,-0.1444,-0.0986,-0.5338,-0.417,-0.487,-0.8618,-0.3304,-0.6143,-0.2313,-0.4689,0.163,-1.7795,1.9445,0.4743,0.4667,-0.1364,-0.555,-0.3373
2019/11/28,-0.4643,-0.3436,-0.465,-0.402,-0.8243,-0.3927,-0.3981,-0.3724,-0.7258,-0.5439,-0.2534,-0.1674,0.1243,-0.2014,-0.3779,-0.5681,-0.314,-0.8121,-0.0313,-0.2392,0.1835,-0.4032,-0.3562,-0.671,0.5537,0.076,-0.9274,-1.8362,-0.2025,-0.8557,0.0714
2019/11/29,-0.6066,-0.8708,-0.6129,-0.2609,0.4802,-0.2131,-0.6193,0.2174,0.2583,0.4747,0.3898,0.5062,-0.3936,-1.2852,-0.3903,0.3654,0.4613,-0.2312,-0.3643,0.0205,-1.8227,-0.42,0.0208,-2.5629,-1.1171,0.4279,-0.5341,0.0963,-0.1936,0.0351,-1.0281
2019/12/2,0.1345,0.193,0.1332,0.1944,0.03,0.2242,0.0987,-0.0707,0.8582,0.3464,-0.1054,0.2449,-0.2151,1.0287,-0.1856,0.376,-0.1178,1.4107,0.2268,-0.0275,-1.1068,-0.0877,0.055,0.1757,0.2643,1.0849,-0.2238,0.3082,0.1875,-0.3044,1.3717
2019/12/3,0.3083,0.3918,0.3092,0.4003,1.2997,0.799,0.3773,0.7041,0.0068,0.5951,0.9092,0.4007,0.2808,-0.3004,0.5712,0.6308,0.5335,0.3954,0.2332,0.2324,0.015,0.5632,0.7583,-0.3201,1.907,1.3121,0.9145,-0.6622,0.4446,0.3289,-0.3289
2019/12/4,-0.2278,-0.0329,-0.2282,0.0234,-0.2332,-0.2736,-0.505,-0.4786,-0.1107,0.0531,0.8972,-0.4148,-0.5012,-0.8966,0.3109,0.281,0.0372,-0.6286,-0.1306,0.023,0.4657,0.0116,0.033,0.3505,1.5569,0.1537,2.1789,-0.1589,0.0311,-0.3828,-0.5643
2019/12/5,0.7397,0.7674,0.7419,1.2033,0.911,1.2635,0.5025,1.9827,1.0673,1.9223,0.7335,1.4613,0.4725,1.2123,1.2368,1.4398,0.4988,0.1584,0.7041,0.2959,1.1475,0.8867,0.5364,0.3436,0.1702,2.091,0.1133,0.3014,0.9035,0.3402,0.1085
2019/12/6,0.432,0.5934,0.4327,0.655,-0.285,0.2503,0.1034,0.9106,1.6611,0.4595,0.4553,0.7715,0.3067,0.3859,0.3816,0.5479,0.9787,0.4288,0.8344,0.139,0.6775,0.9134,0.7641,2.2302,0.6883,1.5287,0.0736,0.2865,0.5098,0.0157,0.0344
2019/12/9,0.0836,-0.1778,0.0846,0.3525,-0.1529,-0.5745,-0.18,0.309,0.3282,1.6251,-0.3537,0.1128,1.0057,1.5297,0.4969,-0.8151,0.1601,1.748,-0.3877,0.2684,-1.5298,0.4269,-0.1425,-0.609,0.3862,-0.0113,0.0552,2.4197,0.498,1.009,-0.6071
2019/12/10,0.0977,0.1268,0.0974,0.5941,0.4444,-0.0992,-0.3883,0.8089,1.0619,1.226,-0.3265,0.0617,-0.1725,0.146,0.9249,1.5818,0.4708,-0.2725,-0.1227,-0.281,0.75,0.0941,0.1432,0.0831,0.4797,1.9393,0.9832,-0.6427,0.2993,-0.3303,-2.2644
2019/12/11,0.2442,0.0606,0.2434,0.1364,0.7591,0.403,1.0824,-0.5842,-0.203,-0.5295,-0.2235,-0.5155,-0.1972,0.5824,-0.2502,-0.131,-0.1248,0.4537,0.3322,-0.0919,-0.281,-0.3119,-0.0756,-0.7796,-0.7976,-1.3444,-0.7898,0.9367,-0.1411,0.0445,-1.0533
2019/12/12,-0.2976,-0.3004,-0.2981,-0.6152,-0.1064,-0.2471,-0.2509,0.748,-0.7117,0.0143,0.2964,-0.2463,-0.5618,-1.3564,-0.6069,0.6299,-0.4989,-0.6626,-0.3701,-0.1396,-0.099,-0.5128,-0.4355,-0.8406,-0.1694,0.5305,0.1336,-0.7667,0.0875,-0.7428,0.0534
2019/12/13,1.784,1.984,1.7827,1.1833,0.8878,3.685,1.9852,0.8061,1.4971,1.7808,0.7016,1.6022,1.1255,1.3631,1.3838,1.5034,0.7609,1.2507,1.5195,0.932,1.6422,1.1834,0.8485,1.6799,2.9075,1.352,0.741,1.0878,1.0195,0.9668,0.8835
2019/12/16,0.5634,0.487,0.5633,1.1706,1.3015,0.3995,-0.2811,1.9826,2.5246,2.7874,2.6083,1.5158,0.91,0.8249,1.5357,-1.6129,1.0359,1.3993,0.9877,1.1101,0.7306,1.0686,1.0156,-0.6209,0.2882,3.3857,0.8268,0.763,1.4724,0.8514,-0.1525
2019/12/17,1.2719,1.3606,1.2743,0.971,0.8887,1.7988,1.4371,1.4483,1.0757,0.6928,1.1384,1.1633,1.3807,0.6878,1.0788,0.5118,1.0862,1.9481,0.9646,0.9511,0.8924,1.7212,1.1481,1.237,0.9919,1.7381,2.5077,0.7577,1.1567,1.4513,2.0318
2019/12/18,-0.1777,-0.2231,-0.1779,0.4657,-0.0521,0.1612,0.1194,0.516,1.7567,-0.1704,0.1895,-0.3945,-0.4256,-0.448,-0.745,-0.3008,-0.0197,-0.3394,-0.2912,-0.5207,-0.9886,0.7999,-0.133,-0.1427,-0.0644,-0.1272,0.1329,-0.38,-0.3123,-0.3516,-0.5376
2019/12/19,-0.0001,-0.1397,0.0007,0.1513,0.3143,-0.3744,0.1516,0.2128,1.178,0.2512,-0.1219,0.5754,1.0207,0.5784,0.8853,0.3962,0.3033,0.557,0.6427,0.6378,0.4702,0.2744,0.9396,-0.7705,0.434,-1.4996,0.1187,0.0012,0.4906,0.9211,0.1075
2019/12/20,-0.4044,-0.2458,-0.402,-0.8588,0.128,0.0525,-0.0271,-2.2345,-1.4248,-2.5102,-1.4335,-1.1783,-0.5548,-0.1326,-1.2734,1.1678,-0.5583,0.786,-0.217,-0.5006,-0.9395,-0.9047,-0.0918,-0.4302,-0.41,-1.2094,-1.1721,-1.0877,-0.6033,-0.8407,1.3823
2019/12/23,-1.405,-1.2485,-1.4039,-1.1539,-1.434,-2.0822,-1.0697,-2.5668,-2.8424,-3.082,-2.0904,-1.5808,-1.8563,0.5692,-2.1561,-0.8677,-1.4101,-2.1876,-1.5883,-1.6321,-0.9772,-1.4266,-1.5066,-0.4288,-0.6089,-2.7461,-0.9679,-1.8928,-1.1986,-1.7185,-2.7093
2019/12/24,0.6735,0.6519,0.6727,1.7204,1.5321,0.5795,0.613,1.812,2.3559,1.3963,1.2524,2.2391,0.6777,1.1351,2.1064,1.0257,0.8982,-0.4231,0.5127,0.5376,0.5022,1.4636,1.0774,0.4654,0.7278,2.2988,4.1045,0.9648,1.7958,1.447,-0.4144
2019/12/25,-0.0278,-0.0524,-0.0268,0.7437,0.3185,-0.1866,-0.4708,0.873,0.9779,1.0923,0.2819,1.2726,-0.3227,0.2017,1.4149,0.2074,-0.2327,-0.2905,-0.2094,-0.3639,-0.0161,0.2146,0.3323,-0.899,-0.3243,1.7353,0.2002,-0.5544,0.399,-0.3069,-0.268
2019/12/26,0.8555,0.88,0.8543,0.8051,0.2062,1.661,0.733,0.4567,0.666,0.653,0.4128,0.3182,1.1887,2.0443,1.4472,0.9568,0.4545,2.3234,0.7523,0.451,0.723,0.5182,1.1224,0.2969,1.0155,0.2464,1.158,0.783,0.9156,1.0907,-0.1774
2019/12/27,-0.077,-0.0984,-0.0771,-0.4745,-0.0792,-0.9792,0.081,-1.1656,-1.1447,-2.0271,-0.1916,-0.7309,-0.3056,-0.194,0.428,-0.0538,-0.1039,-0.193,0.0096,-0.2545,-0.6957,-0.7411,0.0509,1.3417,-0.6988,-2.4979,2.2017,0.5752,-0.0334,0.3954,1.8445
2019/12/30,1.1654,1.482,1.1643,0.4241,0.7906,3.7164,-0.0635,0.7384,0.7121,0.7075,0.3821,1.5094,0.9889,2.486,0.3857,0.7111,0.2412,1.5683,1.2186,0.5837,0.4046,1.4502,0.9791,2.0783,1.3767,0.1873,0.7988,1.2381,1.2842,1.367,1.1654
2019/12/31,0.3325,0.3663,0.3323,0.4768,0.5552,-0.4731,-0.0562,0.8572,0.0646,0.3392,0.2001,-0.3669,0.9339,2.1251,0.4424,-0.1926,0.3202,0.6393,0.4881,0.3958,2.2643,0.3807,1.2581,0.156,0.2062,0.1599,0.302,0.6541,0.5336,0.4135,1.9244
2020/1/2,1.1488,1.3586,1.1499,2.0813,1.9185,0.8334,1.6575,2.0257,4.3726,2.7788,1.5928,2.3718,2.3234,1.7143,1.7573,1.4312,2.0133,1.1483,0.5214,0.9759,0.2769,2.1156,2.3651,-1.3211,2.7734,3.4838,1.4126,0.8502,1.518,0.845,2.6257
2020/1/3,-0.0464,-0.1752,-0.0458,0.0705,0.2478,0.0506,0.2535,1.1646,1.4663,0.6176,1.9424,0.4996,0.3262,-0.9768,-0.1175,0.4468,0.5631,-0.8502,-0.3781,0.3027,-0.3392,0.1587,-0.1818,-1.9227,-1.4853,0.4902,1.6132,-0.2831,0.5421,0.6565,0.8999
2020/1/6,-0.012,-0.378,-0.0122,0.1433,0.2508,-0.4293,-0.676,0.5429,1.4867,1.0989,1.4404,1.1062,0.1037,-0.2671,1.4115,-0.1398,0.3877,-0.9253,-0.8517,-0.0313,-0.5999,0.4348,-0.3274,-0.7723,-1.1479,1.2949,3.2098,-0.4296,0.4926,2.2502,1.9998
2020/1/7,0.6932,0.7491,0.6938,0.9205,1.3696,0.7834,0.4359,0.8747,3.1559,2.1368,0.5184,1.0707,0.6653,0.5883,1.6479,1.5071,1.5512,0.9313,0.7175,0.8958,1.5714,1.216,0.8756,1.4501,1.6036,-0.0482,-0.7848,2.0641,0.4744,0.6143,3.7411
2020/1/8,-1.2221,-1.1516,-1.221,-1.2949,0.9247,-2.4202,-1.6071,-2.2726,-2.6107,-1.7227,2.456,-0.1752,-1.5667,-1.6596,-1.4582,-0.8265,-1.9866,-1.6025,-1.5596,-1.3714,-1.1723,-1.392,-2.0674,-0.4034,0.8105,-1.2242,0.0486,-2.1585,-1.414,-1.1736,-1.7874
2020/1/9,0.9131,1.2658,0.9126,1.4882,1.1426,0.9663,0.5545,3.1122,1.6057,3.1212,-1.8577,1.6051,1.1537,1.3624,1.3887,2.1283,1.6454,1.9631,1.3966,0.7308,2.6532,1.5192,1.5671,1.5642,1.5943,2.5418,-1.1636,0.6664,1.2942,-0.4311,0.192
2020/1/10,-0.0834,-0.0285,-0.0837,-0.2541,-0.8585,-0.1146,0.0091,-0.2191,-0.7434,-0.303,-1.2544,-1.069,-0.3563,0.7279,-0.6311,0.1773,0.9357,-1.0778,-0.1,-0.5015,0.3573,0.5828,-0.5028,1.2131,0.2899,0.6301,-0.5811,-0.672,-0.3434,-0.9965,-2.0454
2020/1/13,0.7565,0.9801,0.7528,0.6217,2.1664,1.5157,0.2268,1.2915,0.8028,2.0373,0.5403,1.5519,0.6394,-0.3775,0.8575,-1.4611,0.4529,0.8821,0.1891,0.4379,0.7554,0.7317,0.7451,1.6091,0.3066,3.0788,0.852,0.3692,1.4474,0.3076,0.6843
2020/1/14,-0.2812,-0.3354,-0.2808,-0.035,-0.272,-0.4695,-0.2767,-1.0544,0.1021,-0.9896,-0.5974,-0.3772,0.241,-0.2598,0.5459,-1.1256,-0.5107,-0.2562,-0.2366,0.8329,-0.5429,-0.1036,0.6723,-1.284,-0.0599,-0.4848,2.0165,0.2644,0.1927,0.199,0.077
2020/1/15,-0.5406,-0.5526,-0.5402,-0.8003,-0.7227,-0.7786,-1.0927,0.1398,-0.613,1.4677,-1.0597,-0.4769,-1.1098,-0.783,-0.5375,-0.5531,-0.5906,-1.3932,-1.0012,-0.7151,0.3535,0.2962,0.0971,0.7184,-0.8443,1.167,-1.9169,-0.9973,-0.6704,-1.1447,-1.5205
2020/1/16,-0.5165,-0.4246,-0.5164,-0.1366,-0.0183,-0.6289,-0.6554,-0.4255,-0.7362,0.3111,0.9735,-0.3599,-0.5041,-0.4185,-0.2515,0.1181,-0.7213,-0.3515,-0.6232,-0.6935,0.1441,-0.76,-0.2889,0.0551,-0.9074,0.0285,-0.4834,-0.8333,-0.1936,-0.6522,-0.1719
2020/1/17,0.0445,0.14,0.046,-0.3386,0.403,0.4626,-0.0167,0.2029,-0.478,0.5526,-0.4554,-0.6138,-0.2259,0.095,-0.5169,-0.3259,-0.4152,-0.242,-0.316,-0.8438,0.8505,-0.0757,-0.2577,-0.3633,0.6387,-1.125,-0.2974,-0.106,-0.0581,0.052,-0.8165
2020/1/20,0.6609,0.7456,0.6598,1.1397,0.0922,1.5,0.5392,1.799,-0.0443,1.3266,2.0226,2.0983,0.7291,0.7872,0.6877,-3.7237,-0.0584,-0.5166,0.3217,0.4109,1.8517,1.5475,0.959,-0.7262,0.4536,3.8533,0.4242,0.1537,0.8983,-0.186,0.6426
2020/1/21,-1.4099,-1.7087,-1.4099,-1.6476,-2.1844,-2.1169,-1.3818,-2.2266,-1.785,-1.7417,-1.0713,-1.1696,-1.7182,-2.8815,-0.9276,-3.3643,-2.2355,-2.1113,-1.7336,-1.0862,1.8689,-1.5315,-1.0974,-2.17,-2.4878,-0.6424,-2.3712,-2.0775,-1.1404,-1.4023,-1.8729
2020/1/22,0.2828,0.4283,0.2822,0.7179,1.0565,0.2016,-0.0274,1.1269,0.3064,1.5695,0.2309,2.2328,-0.0139,0.0923,-0.098,0.4895,-0.2412,1.3803,-0.1988,-0.2566,-1.45,-0.5319,-1.8756,-0.0448,-0.1375,3.5698,0.7878,0.136,0.643,-0.2195,-1.676
2020/1/23,-2.7508,-3.0986,-2.7518,-3.7402,-3.3998,-3.3912,-2.4128,-4.3614,-3.4506,-4.5018,-2.1427,-2.9037,-3.2866,-3.6485,-1.7099,-3.6119,-3.8936,-3.6235,-2.9099,-2.6969,-1.883,-4.4439,-2.4242,-3.4765,-3.863,-3.5422,-3.3919,-3.1218,-3.7002,-3.5994,-4.7302
2020/2/3,-7.7204,-7.8809,-7.7245,-9.5182,-9.2363,-8.7798,-6.567,-8.9637,-8.8739,-9.2104,-9.3675,-7.38,-9.7061,-8.7635,-7.2402,-9.1246,-8.257,-9.2724,-8.5351,-7.9268,-3.5345,-9.5284,-7.1685,-7.2714,-8.6313,-9.7376,-9.2901,-9.7856,-8.5406,-9.1169,-9.3018
2020/2/4,1.3364,2.6375,1.3355,0.4928,1.3331,1.4158,2.0339,0.5749,2.029,2.1072,-1.1249,2.4496,-0.4704,2.199,1.8947,-0.1163,0.3542,0.64,0.1057,0.1978,3.7116,-0.2914,-0.0532,1.7334,4.1368,3.0128,0.581,0.9782,1.0921,-0.3452,2.2142
2020/2/5,1.2494,1.133,1.2503,1.7194,3.1597,0.7035,-0.0404,2.4323,2.7183,2.9568,2.9022,2.7586,1.2635,0.8786,2.1781,2.601,1.3137,0.8985,2.6761,1.418,4.336,2.4914,2.8635,1.2678,1.5087,1.1574,2.6376,1.2939,2.5784,0.8598,2.807
2020/2/6,1.7205,1.861,1.7183,2.2932,1.3117,1.9209,0.6929,3.5648,5.4273,5.0295,2.833,2.3035,1.9598,1.3075,3.3919,2.5815,2.4144,1.165,2.1499,2.081,3.4595,2.2732,2.8303,1.8668,1.4717,2.3946,1.0009,0.5827,3.0204,1.5239,4.3242
2020/2/7,0.3306,0.0024,0.3298,0.8584,-0.1271,-0.0736,-0.4577,2.6172,2.5392,3.9338,1.7906,0.3847,0.321,-0.1089,2.1158,1.231,0.7368,-0.2894,-0.111,2.2149,-1.8685,0.887,1.5496,1.0298,-0.8832,1.2228,-0.416,0.6334,0.6124,-0.4538,-0.4989
2020/2/10,0.5035,0.4138,0.505,2.3266,3.6294,0.2271,-0.4104,1.7631,-0.0032,0.6397,0.9422,2.3362,1.8888,5.3666,2.2753,-0.2841,2.6367,2.3786,0.5805,0.5599,-1.2761,1.1818,0.4509,-0.1271,0.4154,-0.1449,3.6303,1.8527,1.6267,1.9792,5.9262
2020/2/11,0.388,0.931,0.387,-0.1475,-0.4288,0.3636,1.054,-0.8691,-1.1213,-1.1886,-1.3671,-1.1738,0.3968,0.7916,-0.8198,0.9684,-0.9066,0.8218,0.53,-1.0085,-0.2583,0.1821,-2.5735,1.8693,2.7214,1.4386,0.3435,1.7022,-0.8521,0.9823,-1.5237
2020/2/12,0.8696,0.8088,0.8693,1.5617,0.8791,0.8248,0.1727,2.0585,2.294,4.527,1.8011,3.0316,0.8647,1.2257,0.6556,0.799,0.5638,0.1768,0.3412,0.8399,1.0091,1.15,0.6585,0.1678,0.581,1.9657,3.8324,-0.2335,1.5415,1.0652,0.896
2020/2/13,-0.7108,-0.6152,-0.7115,-0.2609,-0.7454,-1.3102,-0.8161,-1.9026,-2.1202,-0.8157,-1.145,-1.0012,-0.6879,0.6344,-1.9612,-1.6201,-1.3338,1.3603,-0.9919,-0.439,-1.4339,-1.291,-1.0914,-0.964,-1.5642,0.5063,0.937,-1.1367,-0.8449,-0.3785,-0.2706
2020/2/14,0.3772,0.7024,0.3762,0.1599,-0.426,1.2315,0.8676,0.0554,-0.0565,0.0065,0.9813,-0.9516,0.4067,0.4158,-0.7148,0.994,-0.3891,2.58,-0.1431,-0.231,0.2226,0.0176,-0.4041,-0.2087,-0.1254,0.688,1.3572,0.7119,0.4146,0.1962,2.7215
2020/2/17,2.284,2.2491,2.2837,3.2075,3.924,3.48,1.7765,5.5137,3.3792,3.9599,6.3494,3.0085,2.1647,1.4621,3.5747,1.5721,2.5207,0.7862,2.6835,1.9742,2.0881,3.1392,2.4174,0.9808,1.3077,4.1648,2.7525,2.1027,3.2512,1.9858,2.6926
2020/2/18,0.0449,-0.4884,0.0452,1.3999,0.845,-0.7887,-1.0159,2.2627,1.9527,2.4467,3.313,2.0658,0.0732,-0.8717,2.325,-0.0814,0.982,-0.9362,-0.1335,0.414,0.0101,1.6234,1.8095,-0.4804,-0.6518,2.7483,0.7996,-0.171,1.0226,0.2718,-0.3649
2020/2/19,-0.3204,-0.1528,-0.3206,-0.1088,-0.1731,0.2842,-0.0634,-1.1855,-2.5391,-1.9437,-1.2505,-0.327,-0.4513,0.8126,-1.0729,2.8135,-0.3828,0.2252,0.0922,-0.1622,-2.1469,-0.4371,-1.1838,1.1519,-0.6568,-0.3183,-1.9422,-0.9357,-0.3126,-0.3807,1.2746
2020/2/20,1.8401,2.3041,1.8402,1.508,2.6235,4.2029,1.2888,1.6199,2.4878,2.0537,1.2156,2.9067,1.1994,0.9835,1.196,3.6001,1.4844,1.0427,2.2016,1.1516,0.8975,1.8543,0.86,2.7072,3.0009,3.7368,0.7624,1.4128,1.6371,1.8924,0.9155
2020/2/21,0.314,0.1166,0.314,0.8474,1.7595,-0.5857,-0.3667,2.552,2.1499,3.5043,2.1599,0.5602,0.1326,0.4642,0.9551,-1.2204,0.0705,-0.8769,-0.2503,0.3446,0.832,1.1482,0.1367,-0.3233,-0.4558,2.4596,1.5174,0.2868,0.7005,0.2608,-0.1972
2020/2/24,-0.2775,-0.4013,-0.2775,0.8614,0.0093,-0.9418,-1.1684,6.5687,1.1405,3.1572,0.7462,0.3315,-0.5497,1.1164,1.3294,-2.3871,-0.4592,-1.2689,-2.1365,-0.3044,0.9574,0.0142,2.1769,-1.5923,-0.2042,4.6635,-0.2287,-0.7408,0.6961,-0.9605,1.2419
2020/2/25,-0.5992,-0.2174,-0.5999,-0.8024,1.894,-0.0842,-1.0087,3.5966,-0.8221,0.0208,0.1003,0.8481,-1.5675,-1.2622,0.9937,-1.234,-0.804,0.0459,-0.5554,-1.4713,1.4332,-0.9503,0.3366,-0.9798,-1.0892,1.6944,0.0366,-1.2881,-0.2682,-1.6378,1.2185
2020/2/26,-0.8337,-1.2328,-0.8338,-0.6592,-2.0345,-1.0938,0.3804,-4.5572,-2.8363,-4.7178,-1.7051,-3.4708,3.9096,1.5271,-1.7043,-0.9089,0.2793,2.1691,-0.2123,0.0743,-3.0717,-0.8871,-0.3945,-0.894,-0.645,-6.7137,-2.7381,2.059,-2.0461,0.3378,-0.3498
2020/2/27,0.1146,0.2912,0.1138,1.0636,0.176,-0.06,0.5067,0.0584,0.999,2.1978,-0.5968,0.3696,0.2464,2.5194,-0.7994,0.7014,0.0787,-1.0899,-0.2247,1.3215,0.3416,1.2269,0.3251,1.7616,0.4445,-2.0754,-0.4661,-0.302,-0.2048,-0.4407,0.1908
2020/2/28,-3.7115,-3.5454,-3.7116,-4.8657,-5.7083,-4.7501,-2.6574,-5.8627,-5.8648,-7.0923,-6.5844,-6.5229,-2.4021,-3.0592,-4.738,-3.2807,-4.068,-1.8907,-3.6469,-3.2947,-2.9125,-5.0762,-0.7664,-3.628,-3.2072,-6.171,-6.5892,-2.9567,-4.5739,-4.2279,-4.9611
2020/3/2,3.1464,3.2898,3.1465,4.9845,3.845,3.7063,1.8372,7.0743,2.6478,4.7574,3.6311,3.8709,8.3505,8.4704,3.6026,1.5613,3.0715,4.5567,3.0313,3.2758,2.2028,3.9749,3.3537,2.5762,2.7361,2.9731,3.1906,4.9583,4.2268,3.57,4.3745
2020/3/3,0.7405,0.5331,0.7393,0.6261,0.8295,0.4414,0.1776,-0.1327,0.8321,2.5362,1.868,1.0744,0.5603,-0.1482,1.3275,0.2359,0.8784,0.0863,0.7006,0.9236,2.3392,0.5997,1.0186,1.4194,0.4726,0.4357,1.0191,0.2722,0.834,0.7247,1.2998
2020/3/4,0.6273,0.579,0.6271,0.9025,0.0885,2.0354,0.2013,-0.3007,0.8398,-0.8131,0.6016,-0.4619,2.4215,2.1764,0.3746,0.0843,2.9908,3.3936,1.2836,1.2194,-0.1691,1.3101,1.0488,1.3857,-0.2112,-2.2723,1.0606,1.4543,0.4649,1.0045,1.9992
2020/3/5,1.9938,2.2277,1.9927,1.2163,1.2346,2.6771,2.692,0.9841,1.526,-0.8086,1.0431,3.0887,0.2783,0.2423,1.2507,4.5554,1.5673,0.7731,1.5027,1.7765,2.1113,2.2618,2.1386,4.1076,4.0871,1.1411,1.2975,1.7997,1.8217,1.7248,5.3324
2020/3/6,-1.2121,-1.6216,-1.21,-0.1258,-1.2499,-2.6073,-1.5813,-1.2306,-1.4467,-1.3014,-0.8341,0.1378,-2.3627,-2.8544,0.4032,-0.7243,0.8017,-2.5371,-1.1458,-0.905,0.6837,-0.294,3.2728,-1.6591,-1.6273,-0.7684,-0.2208,-0.8227,0.5462,-0.9641,-1.2593
2020/3/9,-3.0074,-3.4161,-3.0061,-3.7275,-4.9233,-3.1612,-2.5536,-1.3293,-4.9704,-6.3355,-5.4393,-4.0593,-3.9715,-3.7944,-2.3237,-4.4706,-2.3104,-2.8637,-1.0938,-2.2753,-1.4206,-3.8714,-0.8803,-3.6878,-3.4153,-6.4921,-4.9714,-3.3663,-3.2105,-3.9968,-1.5881
2020/3/10,1.8202,2.1415,1.8167,1.8378,2.7244,2.4012,1.0921,6.6396,2.9818,4.7538,4.2535,3.2432,2.992,3.2334,0.8094,3.5789,1.4073,1.3631,1.1143,1.13,-0.298,1.8396,-2.5441,2.9474,2.5934,5.2736,1.4121,1.76,0.863,1.0459,-0.5439
2020/3/11,-0.9443,-1.3301,-0.9425,-1.4717,-1.0265,-2.1363,-0.8368,-1.6975,-1.9302,-2.4188,0.4888,-0.9811,-1.5526,-1.8529,-1.194,1.6996,-0.5311,-0.778,0.8929,-0.2099,-1.0659,-1.4494,-1.1526,-0.2334,-1.6146,-3.0135,-1.1817,0.0657,-1.7533,-0.7858,-0.0634
2020/3/12,-1.5166,-1.9243,-1.517,-2.3212,-1.781,-1.4449,-0.5096,0.1269,-1.8523,-1.3872,-2.196,-2.5628,-1.2848,-2.006,-3.0426,-2.8105,-1.644,-1.3284,-2.1239,-1.2179,-2.8525,-2.4634,-2.8917,-2.1269,-2.5039,-1.8787,-2.8073,-0.036,-2.84,-2.0978,-4.0369
2020/3/13,-1.2326,-1.4072,-1.2334,-1.5044,-1.491,-1.3562,-0.9185,-0.9005,-0.9538,0.5145,-0.2351,0.904,-1.1223,-1.6026,-1.2847,2.6168,-1.3105,-1.1684,-1.6646,-1.7903,-2.1434,-1.3295,-3.2442,-1.697,-2.3632,-0.2746,-2.0226,-1.9266,-2.0459,-1.3677,0.0285
2020/3/16,-3.4024,-4.2993,-3.4,-4.7165,-5.4847,-4.8481,-3.0248,-8.1432,-4.7321,-5.7993,-5.2061,-6.2996,-2.8428,-4.242,-3.1311,-4.8565,-3.2344,-2.8948,-2.8882,-2.2488,-2.733,-3.776,-1.324,-3.9576,-4.4449,-7.5441,-4.0691,-2.501,-3.7975,-2.5219,-4.3875
2020/3/17,-0.3441,-0.4871,-0.3446,0.1464,-0.9854,0.146,-0.1799,-1.3171,0.715,1.6792,0.1036,1.0108,0.4656,-0.1297,-0.6317,-1.3931,-0.7587,-1.2367,-0.9647,-0.0622,-0.586,-0.9696,-1.342,-1.3736,-1.9148,-0.1128,-1.2875,-0.7606,-0.2593,-0.457,-0.5487
2020/3/18,-1.8328,-1.9793,-1.8306,-1.9618,-2.1989,-2.9913,-2.3124,-3.7693,-1.8631,-1.5989,-2.7173,-1.4617,-1.7249,0.2044,-1.6468,-2.1423,-1.5266,-3.6497,-1.628,-1.221,-0.9027,-1.4589,-1.4111,-2.5192,-0.3777,-1.6414,-1.8988,-0.9877,-1.2578,-1.6135,1.1355
2020/3/19,-0.977,-1.297,-0.9758,0.2509,-0.8858,-0.7579,-2.8414,4.3174,1.8377,1.8404,1.3059,0.4745,-0.4681,-0.5799,-1.323,-1.9539,2.9953,-2.0472,-1.5158,-0.5853,-1.3478,-0.4093,-1.6125,-2.0161,-2.3464,2.3864,-0.354,0.1961,0.2338,-1.4551,0.4177
2020/3/20,1.6107,1.7868,1.6094,1.8337,1.1226,1.2291,2.3297,0.816,1.6238,0.0243,0.7338,0.0869,1.7546,4.0344,1.0524,4.9306,0.7029,2.3628,1.5704,1.4084,2.6923,1.9785,1.1779,3.6469,1.1562,-0.212,1.4767,0.5416,1.0563,1.3891,0.3362
2020/3/23,-3.1117,-3.3646,-3.1123,-3.3115,-6.0531,-3.5897,-2.3251,-2.7152,-3.9796,-5.2418,-5.146,-5.125,-3.2268,-2.1086,-5.3157,-4.7789,-2.9858,-4.0435,-3.346,-1.8808,-1.5514,-3.7688,-3.9778,-2.3009,-5.0815,-7.2563,-4.1828,-2.7392,-4.7294,-2.7598,-3.3658
2020/3/24,2.3439,2.6856,2.3409,1.9329,3.8565,2.6482,2.636,2.668,1.1266,2.1995,1.585,1.0303,1.4158,2.919,2.6772,1.6784,1.6258,2.2085,2.0174,1.7027,1.9158,2.4662,1.5606,3.9486,3.2488,1.3725,4.1466,1.8674,1.6874,2.6653,2.8528
2020/3/25,2.1744,2.6869,2.1728,2.1028,4.7393,2.0613,1.7313,1.5969,2.8563,2.0309,1.6486,3.2592,1.6196,1.3897,3.7339,1.9189,1.7883,4.3254,2.7297,1.1854,3.5286,2.6858,3.2933,2.4037,3.5647,3.5322,2.3699,0.8035,2.265,1.4622,2.5497
2020/3/26,-0.6002,-0.6574,-0.5997,-1.4686,-1.3317,-1.0707,0.5921,-2.8011,-0.9608,-0.792,-1.5735,-2.4447,-1.8874,-2.0815,-0.7721,-2.2195,-0.0278,-1.0646,-0.8925,-1.1815,2.141,-0.8468,-0.734,-0.0174,-1.2121,-2.4687,-1.0332,-1.5338,-1.0866,-1.046,1.029
2020/3/27,0.2647,0.3249,0.2637,0.5919,-0.1376,0.0121,0.2952,-1.6807,-1.2094,-1.9872,-0.049,-0.2786,2.2617,1.3585,-0.6393,-0.5753,1.1656,0.9633,-0.2935,0.2231,-0.4595,0.3496,2.1699,1.3127,0.247,-1.099,-0.653,0.8436,-0.3011,0.1167,-2.3165
2020/3/30,-0.8991,-0.969,-0.9014,-1.5043,-1.0361,-0.9842,-0.4153,-4.0904,-3.7081,-4.2987,-0.9299,-1.5183,0.2702,-0.5791,-1.5249,-5.3955,-0.0075,-1.301,-1.4758,-0.8822,-1.3333,-2.1247,-0.2851,-0.739,-2.0453,-3.0351,-2.7876,-1.3581,-1.8573,-1.0945,1.6928
2020/3/31,0.1116,0.3278,0.1122,-0.7528,0.3394,-0.2768,-1.065,-1.1345,-0.1882,-0.2233,-1.0193,-0.6193,-0.6413,-0.5583,0.4969,-0.7027,0.951,-0.9055,1.4193,0.2373,0.7973,0.3296,-1.2282,3.4591,0.2968,-0.6344,0.995,-0.0554,0.8038,0.1753,6.6273
2020/4/1,-0.5744,-0.3006,-0.5736,-0.2935,-0.6496,-0.2315,-0.0627,-0.7988,-0.5985,-0.1682,-0.5785,0.1921,-1.0927,-0.2802,-1.1654,0.1892,-2.0534,0.6294,-1.1047,-0.8374,-1.586,-0.8226,-0.9202,-1.1486,0.1802,1.573,1.2438,-0.7416,-0.5755,-0.7144,-1.6463
2020/4/2,1.6889,1.6178,1.6865,2.0326,1.0657,1.391,0.642,4.0751,2.3132,4.1649,2.9273,2.8251,1.6488,0.5792,1.9683,2.7828,0.0623,1.0036,1.0726,1.3762,1.2878,1.7746,2.0151,1.6997,1.098,5.6041,1.0851,1.8596,2.509,3.0377,-0.9871
2020/4/3,-0.5992,-0.5707,-0.5988,-0.6007,-0.9566,-1.3594,-0.6515,-2.0991,-1.2245,-1.5959,-0.8937,-1.703,-1.0303,-0.7101,1.0191,0.6573,-0.1331,-0.0959,-0.0397,-0.4626,1.0376,-0.5662,0.3027,0.1851,-0.7596,-1.2018,-0.9223,-0.5949,-0.4586,-1.0609,1.6198
2020/4/7,2.055,2.2838,2.0541,3.639,2.5827,2.0513,1.1719,2.8411,3.3566,4.2749,3.9787,3.0912,2.5776,5.1721,2.9897,3.4548,2.915,1.4487,1.836,1.7093,2.8879,2.7152,2.3549,2.9884,1.7199,3.0418,3.6669,2.3164,3.0637,1.5996,4.7661
2020/4/8,-0.1919,-0.4654,-0.1913,-0.0148,-0.2901,-0.6236,-0.5923,0.9399,0.3668,0.0719,2.0034,-0.4284,-0.2011,0.0512,-0.6465,1.4063,-0.2526,-0.4658,0.4533,0.2691,-0.0349,0.0065,0.7184,-0.4393,-1.172,0.4534,0.1671,0.405,0.1588,0.1802,-1.901
2020/4/9,0.3748,0.3298,0.3742,0.2883,0.9814,0.5652,0.0082,1.214,2.2526,1.665,0.0904,0.2086,0.1439,0.5024,1.5111,1.7075,0.9423,-0.2162,0.2473,0.255,2.7056,1.1836,-0.7206,0.6973,0.1679,-0.6467,-0.1624,1.1574,0.3513,-0.069,0.4491
2020/4/10,-1.0359,-0.6231,-1.0359,-1.6014,-2.0703,-0.1883,-0.0981,-4.3134,-2.8183,-3.9681,-1.369,-2.1107,-1.5773,-1.3168,-2.2607,-0.9086,-1.7631,-0.4515,-0.8215,-1.0734,-1.436,-1.7462,-2.9801,0.0592,1.4952,-3.9492,-1.782,-1.2972,-1.8553,-1.405,-0.8262
2020/4/13,-0.4841,-0.4224,-0.4857,0.5872,-0.774,-1.034,-0.7081,-2.6095,-1.7173,-2.4219,-0.1868,-1.8109,-0.0723,2.0765,-0.8025,-0.0461,-0.6573,-0.1686,-1.0585,-0.2831,0.7384,-0.5534,0.3623,-0.3522,1.9689,-2.5466,-0.5288,0.4903,0.4037,-0.5786,-2.7265
2020/4/14,1.59,1.9301,1.5895,1.4728,2.1109,2.0452,1.2069,2.8033,3.1254,2.9795,1.109,3.9741,0.9465,1.132,2.0635,1.2069,1.5574,1.8684,1.1618,1.1482,1.7374,1.6777,1.3295,1.7489,0.9143,3.4834,3.3907,0.9997,1.8283,1.4963,1.8908
2020/4/15,-0.569,-0.7407,-0.5698,-1.2083,-0.5652,-0.8049,-0.5574,-0.8608,-0.8459,-0.5514,-1.2079,0.2508,-1.0936,-1.9892,-0.5854,-2.2582,-1.0032,-1.4092,-0.5966,-0.4199,0.3049,-0.5993,-0.0687,-0.5749,-1.7537,0.2945,-1.0299,-0.9361,-0.7057,-0.887,-1.3158
2020/4/16,0.3139,0.1322,0.3116,0.1074,0.087,0.3487,-0.2726,0.6423,1.5693,2.041,1.0168,2.5408,0.1324,-0.835,0.0903,-0.2455,0.5893,0.344,-0.3146,0.9418,0.7458,0.4026,-0.4407,-0.2772,-0.0479,0.5688,0.2049,0.3745,-0.1914,-0.0812,-0.9461
2020/4/17,0.659,0.9759,0.6582,0.9457,0.1209,1.1067,0.8307,0.1287,-0.264,0.2866,-0.4476,1.0438,2.0302,1.5011,0.2195,4.1246,-0.0108,0.3827,1.3358,-0.4459,-1.1286,-0.0074,-0.2244,1.1566,0.2447,1.6113,-0.5839,-0.0534,0.7187,0.3208,0.4584
2020/4/20,0.4945,0.3638,0.4953,0.9214,0.4546,0.8024,-0.3066,1.8633,0.9212,2.1524,1.7279,0.3381,1.4262,2.7397,1.1318,0.9284,0.893,-0.1226,0.2817,0.0707,1.5662,0.6318,0.86,0.6569,0.833,0.8986,-0.0658,0.325,1.1923,-0.1572,0.8164
2020/4/21,-0.8955,-1.1784,-0.8953,-0.8966,-1.3842,-1.6026,-0.4049,0.3383,-0.2405,0.625,0.1136,-0.9755,0.3044,0.2851,-0.561,-0.537,-0.3708,-1.1968,-0.7566,-0.4608,-0.8813,-0.8766,-1.0684,-1.6188,-1.2676,-1.854,-1.5821,-0.5947,-0.7238,-1.7235,-0.8392
2020/4/22,0.6026,0.8229,0.6002,0.6868,0.0855,0.0677,-0.084,0.5118,0.8674,0.1816,0.3343,1.1858,0.043,0.292,0.4779,2.6204,1.8745,0.5983,0.7259,0.7629,1.1603,0.7085,0.7889,3.1092,1.4437,0.6326,0.4253,-0.0658,1.1592,-0.1558,4.0772
2020/4/23,-0.1942,-0.2508,-0.1927,-0.6511,-0.5445,-0.428,-0.3719,-2.3096,-1.4876,-1.6106,0.8872,-1.595,-0.6024,-1.6539,-0.0434,0.2936,0.3308,-0.1431,1.397,-0.2549,0.3791,-0.255,-0.2351,0.5273,0.869,-1.5236,-0.0093,-0.8748,-0.1075,0.7032,-0.1161
2020/4/24,-1.0556,-0.8559,-1.0558,-0.8462,-0.4976,-1.8715,-0.38,-1.7985,-1.8967,-2.1887,-1.872,-0.881,-1.5042,-0.8597,-2.2364,0.3482,-0.8563,-1.0768,-1.5637,-0.8738,-2.4242,-1.309,-2.7757,0.2097,-0.9886,-1.9847,-0.7557,-0.8991,-1.6115,-1.017,-0.7083
2020/4/27,0.25,0.6794,0.248,-0.2392,-1.2205,0.3958,1.9322,0.3639,-0.4583,-0.7563,-2.0088,0.5056,-0.4646,0.7849,-0.2818,-0.923,0.8053,0.7938,-0.5623,0.2126,0.8651,-0.5367,-1.2153,0.615,-0.3196,-0.0424,-1.549,-0.1209,-0.6402,-0.8216,0.525
2020/4/28,-0.1938,0.69,-0.1943,-1.5979,-1.1076,1.1304,0.2235,-1.9289,-0.611,-1.2133,-1.9569,-0.1801,-2.3264,-0.6178,-1.2042,1.3395,-0.4727,0.2654,-0.101,-0.8732,-0.5061,-1.5734,-2.7271,1.6826,0.7926,1.4736,-1.8069,-1.0835,-1.8659,-2.2902,-0.5939
2020/4/29,0.4419,0.4647,0.4419,0.0751,0.4344,1.0495,2.3906,-0.7877,0.5938,-0.3529,1.0957,0.2516,-0.3329,1.5625,-0.9391,1.3774,-1.118,1.6413,0.5625,-0.0969,-1.2946,-0.6121,-1.3439,-1.9901,0.9053,0.4277,0.0695,0.1459,0.0861,0.64,-1.7788
2020/4/30,1.3322,1.1778,1.3336,2.1854,3.4905,1.4101,0.2549,4.1229,2.5163,4.2069,2.654,3.1439,1.7033,0.106,2.0177,2.4651,-0.594,0.5957,1.7957,1.2999,-0.6243,1.2046,0.8337,-0.4341,1.1777,5.1025,2.7221,2.0681,2.0754,2.3091,-0.1896
2020/5/6,0.633,0.6051,0.6314,1.8267,2.5412,-0.2173,-1.0458,2.6086,1.681,2.436,1.9779,1.7268,1.1263,0.4474,1.4415,-1.707,0.9023,-0.4726,-0.832,0.5559,1.9963,0.9532,0.5355,1.8472,0.3436,3.3879,2.5962,0.194,1.5818,0.4031,0.3813
2020/5/7,-0.2294,-0.2886,-0.2299,0.0766,-0.3664,-0.6491,-0.5387,-0.5064,-0.3122,-0.6954,-0.1289,-0.6208,-0.406,1.2716,0.1862,0.5164,0.6927,-0.6973,-0.7877,-0.4516,0.3222,-0.0966,-0.6822,1.2679,-0.6161,-0.8218,-0.4724,0.2242,-0.0251,-0.482,1.0544
2020/5/8,0.8296,0.9867,0.8296,1.1419,1.2566,0.9118,1.0018,1.7056,1.3862,2.0647,1.2608,0.4924,0.3044,0.4021,1.6651,1.1194,0.255,0.9824,0.6119,0.4355,0.6312,1.2105,1.2753,0.8157,3.9517,1.0309,1.2659,0.6929,1.1379,1.0081,0.1769
2020/5/11,-0.0164,-0.0868,-0.0187,0.5148,0.5966,0.1516,-0.0493,1.0356,-0.2773,-0.7564,0.4137,-0.8028,0.3397,1.8024,-0.8165,-2.2123,-0.38,0.0539,0.3304,-0.2133,-0.8615,0.3617,0.1713,-0.2744,1.156,0.0017,-1.1136,-0.4863,-0.1798,0.3436,-2.0267
2020/5/12,-0.1022,0.0015,-0.1121,0.2227,-0.5247,-0.305,-0.759,-0.7628,0.1809,0.0976,0.0626,0.6329,-0.984,-0.5556,0.3634,0.9523,0.4248,-1.0481,-0.6294,-0.1596,1.2936,0.5497,-0.5356,1.0805,1.3625,0.7376,-0.8056,-0.2755,-0.0644,-0.6673,0.0225
2020/5/13,0.2289,0.2024,0.2246,-0.0406,-0.4044,-0.1761,-0.0686,-0.3808,0.8106,0.1823,-0.0858,0.3675,0.1113,-0.1616,1.2176,-0.2492,1.2161,0.1641,0.2948,0.1385,1.5121,0.3266,0.6983,1.702,-0.4974,0.2741,0.6515,0.5706,0.6136,-0.1003,0.4393
2020/5/14,-0.9587,-1.0845,-0.9561,-0.9026,-1.6996,-1.4214,-1.0794,-1.0597,-0.4927,-0.7248,0.3448,-1.5704,-1.2421,-2.5855,-0.7647,-0.9982,-0.6177,-1.2334,-1.2716,-0.8949,-0.8394,-0.7783,-1.0664,-0.682,-0.0928,-0.3805,-0.3864,-1.4398,-1.1212,-0.6982,-2.638
2020/5/15,-0.0671,-0.316,-0.0656,-0.4499,-0.5027,0.0374,-0.1109,0.3407,0.1076,0.6829,0.0266,1.0013,-0.1999,-0.5489,0.0387,-0.8211,0.1456,0.2619,0.095,0.0642,-0.5707,-0.4913,0.1376,-0.8154,-0.8231,1.525,0.9649,-0.6546,-0.1637,0.0554,0.3005
2020/5/18,0.236,0.258,0.2426,0.1658,-0.8875,-0.4471,0.0955,-2.6808,-1.4477,-1.7012,2.11,-0.7017,0.4778,0.565,-1.4683,-0.1103,0.6485,0.6875,0.7251,-0.2568,1.14,-0.0054,-0.2437,2.6019,0.1718,-4.4168,2.6236,0.2358,0.0489,0.4432,2.7386
2020/5/19,0.8049,0.8498,0.8054,1.4057,1.1832,0.7598,0.6919,0.9698,1.4472,2.1021,0.1992,1.4614,0.4391,0.508,0.1069,2.5144,1.6726,-0.0252,1.1677,0.1718,0.817,1.2716,0.2118,0.492,1.1389,3.193,-0.6912,0.5288,1.6253,1.4675,-0.9863
2020/5/20,-0.5092,-0.5315,-0.5119,-1.0023,-0.2319,-0.1539,0.5066,-0.8269,-1.2405,-1.6553,-2.8354,0.2261,-0.8996,-0.9043,-1.3328,-1.284,-0.9692,-0.9704,-0.9775,-0.6994,-1.2029,-0.9078,0.4776,-0.6244,-0.3516,-1.2084,-0.0293,-0.9954,-0.6023,-1.0985,-1.5477
2020/5/21,-0.5485,-0.5445,-0.5484,-1.3952,-1.0533,-0.8349,-0.2843,-1.9014,-0.9851,-2.1961,-1.685,-1.1968,-1.0937,-0.3664,-1.8687,0.165,-0.4239,-0.3555,-0.6406,-0.8361,0.7576,-0.6433,-1.3955,0.6317,-0.6507,-2.2646,-1.6406,0.1567,-1.2064,-0.4163,-1.8386
2020/5/22,-1.8885,-2.2927,-1.8884,-1.6992,-1.4606,-2.75,-1.821,-1.5338,-2.0712,-2.3158,-1.324,-2.3908,-1.7914,-2.6038,-1.9014,-1.7079,-0.7568,-1.9149,-1.0012,-1.1538,-2.5495,-1.2611,-2.0596,-3.1133,-2.4724,-1.8531,-1.4864,-1.3974,-2.0429,-1.9748,-0.9227
2020/5/25,0.1467,0.1376,0.1494,0.1763,-0.1156,-0.4825,-0.0765,-2.5727,-0.5435,-1.1536,-1.1995,-0.479,-0.6728,0.2514,0.5938,1.1898,0.8169,0.9779,0.2913,0.4318,1.2797,0.1966,0.2942,2.615,-0.7441,-1.6351,-0.8532,-0.2711,-0.1057,0.324,1.1521
2020/5/26,1.0123,1.1345,1.0141,1.7187,1.6833,0.9729,0.2737,2.0311,2.5168,2.7402,1.2892,2.0588,1.1843,1.4217,2.0592,5.1408,1.782,1.1351,1.4137,0.7317,2.2684,2.3786,1.6193,0.6512,2.8076,3.2486,1.8909,1.1293,1.8089,0.8693,0.3018
2020/5/27,-0.3419,-0.7012,-0.3423,-0.7503,-0.1742,-0.5597,0.4481,-1.5798,-0.9048,-1.9149,-0.3992,-0.6065,-0.3311,-0.9508,-0.2387,0.8968,0.4016,0.2249,-0.0646,-0.1174,-1.779,1.8196,-0.0305,-0.9039,0.1952,-1.7482,-0.3684,0.627,-0.3462,0.3195,-0.9111
2020/5/28,0.3341,0.2865,0.332,-0.571,-0.1378,1.4658,1.3032,-0.6062,0.4455,0.0416,-0.0732,-0.9384,-0.0193,0.4779,-0.4906,-0.8729,-0.8687,0.378,0.2031,0.3486,-1.151,-0.301,-0.7828,0.0285,0.0144,-0.283,1.5639,-0.9638,-0.5509,-0.1211,-1.4432
2020/5/29,0.2208,0.2694,0.2154,0.7847,0.1999,-0.8883,-0.6653,-0.1039,2.2007,0.7109,0.6092,0.7238,-0.0777,0.0221,1.9539,4.2649,2.1414,-1.2246,1.351,-0.2282,2.0178,1.5389,0.9926,1.5572,1.2562,0.0241,0.4821,0.4811,0.7597,-0.3547,1.4354
2020/6/1,2.2103,2.6976,2.2115,2.5813,3.1207,3.1401,1.442,4.5025,4.0073,3.8512,2.0229,3.3782,2.0143,2.51,2.7087,1.9669,2.7689,2.6001,2.2299,1.8074,1.892,2.4012,2.9082,3.1905,2.0759,5.3819,2.3617,1.1397,2.5991,1.4546,1.2591
2020/6/2,0.2034,0.3079,0.2047,0.4762,0.1053,1.111,0.5893,0.6958,-0.5666,-0.2758,0.7369,-0.3431,0.4861,-0.8625,-1.3736,-2.2396,1.2574,1.814,0.68,0.5675,-1.04,-0.997,0.3742,-1.1847,-0.7979,1.7957,-0.0978,-0.2298,0.6781,0.7673,0.8879
2020/6/3,0.07,0.002,0.0675,0.2536,1.7896,-0.1689,0.1149,-0.1717,0.2276,-0.4678,-0.9084,-0.2692,-0.691,-0.454,-0.2771,1.6148,0.2655,-0.448,-0.2857,-0.2691,0.8043,0.2563,1.5218,-0.59,-0.6885,0.6302,-0.7702,-0.3222,0.5853,-0.2871,-0.8648
2020/6/4,-0.1416,-0.0367,-0.141,0.1318,0.9521,-0.2276,-0.325,-0.9903,0.2956,-0.6931,-0.5617,-0.1454,-0.48,-0.6585,1.1072,-0.5712,1.1087,-0.4056,-0.4516,-0.3841,0.7442,0.816,0.3287,1.2298,1.3678,-0.1599,0.2604,-0.4763,0.1041,-0.6108,0.6423
2020/6/5,0.3941,0.4788,0.3956,0.1667,-0.0812,0.629,0.1682,0.2154,1.1848,0.3414,-0.3684,0.118,0.1657,-0.8227,-0.0528,3.496,-1.4108,-0.5187,1.68,0.0049,0.7356,-0.3156,-0.79,0.469,0.6581,0.9529,-0.4973,-0.5362,-0.0367,-0.0974,-2.0074
2020/6/8,0.2368,0.5174,0.2379,-0.0554,-0.2114,0.6951,0.1213,0.7476,-0.8587,-0.5545,0.1821,0.6888,-0.2574,-0.2778,-1.0631,0.2826,-1.3316,0.8575,0.5577,0.0598,-0.7557,-0.6424,-1.0001,-0.1534,2.0191,0.4375,1.0868,0.7264,0.4449,1.2895,0.5061
2020/6/9,0.6253,0.6234,0.6243,0.4098,0.571,0.3653,0.154,-0.0959,2.5294,0.5913,-0.2324,0.5904,0.192,0.758,0.5325,2.2521,1.3611,0.0102,1.0891,0.3424,1.8147,0.3119,0.666,0.8973,0.4902,0.2312,-0.1525,-0.3063,0.6037,0.2288,0.0477
2020/6/10,-0.4186,-0.181,-0.4181,0.1463,-0.8477,-1.0009,-0.7198,-0.483,-0.2589,0.3949,0.0165,-0.0992,-0.6676,1.8061,0.0409,-1.6715,0.4935,-0.7085,-0.6709,-0.7592,1.6172,0.4898,0.7546,0.0503,-0.6719,0.787,-0.5187,0.3678,-0.7025,-0.9539,0.5223
2020/6/11,-0.7772,-1.0847,-0.7764,-0.0771,0.8925,-1.2742,-1.2078,-0.205,0.3335,0.6331,0.1426,1.0259,-0.8219,-1.1954,-0.5638,0.2155,-0.241,-0.7083,-1.1638,-0.6609,-0.625,-1.3949,-0.0159,-1.6453,-2.1126,-0.944,0.6183,-0.7076,-0.5628,-0.8269,-3.3408
2020/6/12,-0.0399,0.1801,-0.0396,-0.3742,-0.1305,-0.3051,0.0751,-0.3206,1.8736,-0.154,0.1345,-0.6925,-0.1693,-0.3696,0.2034,5.8543,1.7235,-0.1875,-0.3804,-0.2317,1.5052,0.3477,-0.0319,0.8618,0.084,-0.8077,-1.0849,0.4144,-0.1434,-0.6635,-0.3292
2020/6/15,-1.0192,-1.2014,-1.0176,-0.6365,-1.5478,-1.0103,-1.3703,-1.1023,1.0278,-0.3403,-1.2661,-0.429,-0.5788,-1.0727,0.9755,-1.6869,1.0757,-0.4669,-1.0995,-0.5377,1.4267,-0.6548,0.5487,-1.6525,-2.8519,-1.9865,-1.0448,-0.8063,-0.5048,-2.2311,2.0579
2020/6/16,1.4444,1.5065,1.4435,1.786,1.2074,1.2027,0.8359,3.2242,1.349,1.9167,1.0212,1.4842,1.3126,2.2499,0.5663,3.6322,1.2193,1.405,1.3726,1.2846,1.924,2.3188,0.5489,1.4935,1.6849,2.6289,2.7336,3.5978,1.9144,1.6958,0.4282
2020/6/17,0.1404,0.0753,0.1407,0.1588,-0.4671,-0.4592,-0.0475,-0.0451,0.8743,0.3554,1.6064,-0.7524,0.0329,-0.5033,0.6173,-1.6953,0.3394,-0.4827,-0.3814,0.5361,2.3825,-0.21,0.1109,-0.1354,-0.5143,-0.002,0.2334,2.357,-0.0324,0.3939,1.0999
2020/6/18,0.1166,0.6668,0.1172,-0.1387,0.6578,0.7249,-0.3366,2.3507,-0.4049,0.2889,-1.6094,0.387,0.5753,-1.0091,-0.3734,1.5543,-1.4492,0.6722,0.0882,0.6301,-2.2585,-0.0358,-0.6005,0.2815,0.3087,2.6554,0.5571,2.7299,0.275,2.4643,1.0137
2020/6/19,0.9629,1.3432,0.9635,0.3586,1.3168,1.7659,0.1604,-0.0227,0.78,0.4462,0.5832,1.4763,0.312,0.4602,1.2789,1.4698,2.3156,0.2366,0.1288,-0.0792,2.0172,0.8884,0.0318,2.3781,2.3344,1.1357,0.3986,-1.9181,0.885,-0.3557,1.0892
2020/6/22,-0.08,0.0814,-0.0796,-0.1136,-0.2783,0.851,-0.5359,0.3272,0.2362,1.3219,1.2503,0.6985,-0.5108,-1.29,0.0791,-2.4162,-0.7321,-0.6281,-1.4127,-0.2087,0.2117,-0.5967,-0.236,-0.6798,-1.0581,1.9886,0.8683,-2.0503,-0.0477,-1.0176,1.2234
2020/6/23,0.1811,0.4814,0.1804,-0.2418,-0.3495,-0.0898,-0.4841,-1.4553,2.349,1.4425,-0.2256,0.6632,-0.8618,-0.5634,0.3679,0.1215,-0.5827,-0.4406,0.0044,0.1222,1.7375,-0.4392,-0.539,2.4962,-0.6633,0.1437,-0.1358,-0.3306,-0.204,-0.26,-1.0319
2020/6/24,0.3012,0.4172,0.3006,0.0775,-0.0848,0.2415,0.9189,-0.3287,-0.5011,0.2091,-0.9566,0.8502,-0.4969,0.4223,-0.4344,0.2302,-0.5693,1.6518,-0.2025,0.4198,-0.8448,0.0575,-1.1194,-0.2803,1.2207,0.989,-0.3325,-0.6973,0.0108,-0.3211,-0.4502
2020/6/29,-0.6045,-0.7073,-0.6053,-0.3343,-0.8505,-2.5167,-0.2583,-0.9036,-1.8356,-1.2066,0.2543,0.361,-0.8554,-0.8978,-0.2422,4.6504,-0.9532,-1.1703,-1.2896,-0.4836,0.9509,-0.5127,-0.8858,0.2585,-0.5506,-0.981,-0.7579,-1.6032,-0.6944,-1.3986,1.2314
2020/6/30,0.7816,1.32,0.782,1.5077,0.6117,1.8277,-0.1482,1.8028,2.9346,2.9188,1.1798,1.3291,0.5254,0.7693,2.7227,6.3064,2.2066,1.567,1.014,0.4532,1.572,1.4463,0.9106,1.1379,0.2274,2.996,0.942,0.0117,1.1709,0.7357,2.1346
2020/7/1,1.3856,2.013,1.384,0.9716,0.8727,2.4226,1.9492,-0.4223,0.1492,-0.2705,0.3357,0.2767,1.5846,3.2136,1.1033,5.7873,0.7795,5.0879,1.0035,0.9295,-1.2407,1.8427,0.1614,3.3794,2.3685,0.7443,1.5115,0.0813,0.6261,1.0242,1.4494
2020/7/2,2.1346,2.0731,2.1345,1.3964,1.2094,5.5228,2.2743,1.8315,1.3978,0.7257,1.2581,0.7563,1.7477,2.4392,-0.1364,0.2737,2.0236,3.2732,1.994,1.0913,-0.4018,1.0232,1.1934,2.1138,1.0064,1.3166,1.3633,1.5707,1.5593,3.0542,-0.5609
2020/7/3,2.0136,1.9316,2.014,1.1073,3.1368,5.805,2.7017,2.1403,0.5246,1.4027,0.7476,1.1803,1.6513,0.2967,1.7719,7.7781,1.4181,0.6693,1.316,1.0255,1.2633,0.5404,1.0486,-0.6057,-0.0904,0.079,1.7465,1.4736,0.9576,3.6757,0.5255
2020/7/6,5.7115,5.6679,5.7113,3.5392,3.4973,8.9475,9.1237,4.625,3.8672,4.4703,5.7445,4.3642,5.3741,3.5811,3.1867,7.315,4.1554,7.4747,4.1468,3.5269,0.7105,3.5028,2.7264,2.8417,3.7034,4.9515,6.0678,5.2531,3.9499,6.3403,4.2853
2020/7/7,0.374,0.6002,0.3737,0.7913,1.394,-1.5255,-0.3484,1.1034,1.2967,2.7012,1.8333,2.2472,-0.5551,-0.4119,2.7662,-2.5388,2.4457,-0.9197,0.4634,-0.4023,2.2002,2.1409,0.5767,3.5241,0.0024,2.3671,1.1483,-0.5872,1.3299,-1.1773,0.2806
2020/7/8,1.7387,1.6151,1.7368,1.3001,1.0428,5.0505,0.2969,2.1534,2.4703,3.2976,8.2123,2.5705,2.1219,1.0179,1.7246,1.5138,2.0147,0.6405,1.0844,1.3902,0.4619,1.6349,0.9379,0.4612,-0.044,2.5096,4.3032,3.608,1.6283,1.6933,1.0484
2020/7/9,1.3845,1.3986,1.3855,2.2029,1.6385,0.451,-1.1851,2.7388,3.277,3.4187,3.5571,2.5944,1.1645,2.4239,3.7371,0.5434,4.1688,1.4206,1.2986,1.3872,3.4985,1.9125,3.3464,1.3156,1.1858,3.0277,3.917,1.837,2.2695,2.8972,3.5095
2020/7/10,-1.9504,-1.8104,-1.9496,-0.91,0.4813,-3.0746,-4.5306,-2.1861,-0.728,-1.0613,-1.6066,-1.07,-1.9731,-1.2879,0.6703,3.5882,2.6838,-1.955,0.0919,-0.8369,1.3384,-1.5155,-0.7796,0.7638,-1.9039,-0.7209,-3.0631,-3.5056,-0.4814,-3.9412,-1.5315
2020/7/13,1.7734,2.1003,1.7723,3.5198,3.8456,0.9546,-0.6007,2.968,2.6788,2.3529,2.1489,4.6044,2.5448,4.3427,3.4527,-2.5011,1.8683,0.9648,1.5555,2.8489,3.7615,3.4008,2.3987,3.9163,1.2975,3.7014,5.0809,2.9573,3.3037,2.1302,6.4405
2020/7/14,-0.8316,-0.9535,-0.8326,-0.9137,0.0663,-0.7316,-1.8569,-1.1086,0.6474,-2.3652,1.0533,-0.7014,-0.3227,0.6194,-1.1946,-1.6937,-2.74,-1.3041,-1.4589,0.2147,-0.4441,-0.0933,-0.4482,-0.2845,-1.4509,-2.1239,-2.0817,-0.7964,-1.3158,0.4433,1.1444
2020/7/15,-1.562,-1.2945,-1.5614,-1.4846,-3.1568,-1.9455,-2.6951,-4.5527,-3.967,-3.2038,-4.1413,-2.0623,-2.6087,-1.3454,-1.9544,2.1033,-2.7033,-3.0025,-1.2839,-0.9364,0.7482,-0.821,-2.4649,1.1372,0.597,-4.7044,-3.5921,-3.1266,-0.8619,-3.1527,-1.5576
2020/7/16,-4.5006,-4.8101,-4.4984,-4.5087,-4.8392,-4.4964,-0.5538,-5.1673,-5.4597,-5.4525,-3.8294,-4.7339,-2.6483,-3.2813,-4.5348,-8.7184,-4.0755,-3.0367,-3.6042,-2.7353,-6.639,-4.7755,-4.1875,-8.1443,-4.3982,-6.219,-4.1386,-3.2171,-4.2863,-3.852,-6.4821
2020/7/17,0.1229,0.6299,0.1255,0.5931,0.2923,-2.1627,0.0926,-0.3114,-0.3923,-0.6764,3.0026,-0.1096,0.0439,2.8956,0.5573,7.4811,-1.0998,-0.935,-0.2057,0.2942,1.2184,1.3904,-0.2832,1.7561,2.7933,0.8414,-0.3633,-0.9178,1.7414,-0.7386,1.9551
