指标名称,GDP：当季同比,GDP：当季值,财政预算赤字：当月值,财政预算收入：当月同比,财政预算收入：当月值,财政预算支出：当月同比,财政预算支出：当月值,产品销售率：当月同比,产品销售率：当月值,出口金额：当月同比,房地产开发计划总投资：当月值,房地产开发投资完成额：办公楼：当月值,房地产开发投资完成额：办公楼：累计同比,房地产开发投资完成额：住宅：当月值,房地产开发投资完成额：住宅：累计同比,工业增加值：当月同比,进出口金额：当月同比,进口金额：当月同比,克强指数：当月值,贸易顺差：当月同比,贸易顺差：当月值,全社会用电量：当月同比,全社会用电量：当月值,三次产业贡献率：第二产业：当季值,三次产业贡献率：第三产业：当季值,三次产业贡献率：第一产业：当季值,一年期实际存款利率,一年期实际贷款利率,PMI,PMI：供应商配送时间,PMI：从业人员,PMI：原材料库存,PMI：购进价格,PMI：进口,PMI：采购量,PMI：产成品库存,PMI：积压订单,PMI：新出口订单,PMI：新订单,PMI：生产,CPI：当月同比,CPI：食品：当月同比,CPI：非食品：当月同比,CPI：环比,CPI：食品：环比,"上证综合指数[新频率:月, 方式:最后一条]","上证A股指数[新频率:月, 方式:最后一条]"
1951-12,,,,,,,,,,,,,,,,,,,,,,,,,,,,,,,,,,,,,,,,,12.5,,,,,,
1952-12,,,,,,,,,,,,,,,,,,,,,,,,,,,,,,,,,,,,,,,,,2.7,,,,,,
1953-12,,,,,,,,,,,,,,,,,,,,,,,,,,,,,,,,,,,,,,,,,5.1,,,,,,
1954-12,,,,,,,,,,,,,,,,,,,,,,,,,,,,,,,,,,,,,,,,,1.4,,,,,,
1955-12,,,,,,,,,,,,,,,,,,,,,,,,,,,,,,,,,,,,,,,,,0.3,,,,,,
1956-12,,,,,,,,,,,,,,,,,,,,,,,,,,,,,,,,,,,,,,,,,-0.1,,,,,,
1957-12,,,,,,,,,,,,,,,,,,,,,,,,,,,,,,,,,,,,,,,,,2.6,,,,,,
1958-12,,,,,,,,,,,,,,,,,,,,,,,,,,,,,,,,,,,,,,,,,-1.1,,,,,,
1959-12,,,,,,,,,,,,,,,,,,,,,,,,,,,,,,,,,,,,,,,,,0.3,,,,,,
1960-12,,,,,,,,,,,,,,,,,,,,,,,,,,,,,,,,,,,,,,,,,2.5,,,,,,
1961-12,,,,,,,,,,,,,,,,,,,,,,,,,,,,,,,,,,,,,,,,,16.1,,,,,,
1962-12,,,,,,,,,,,,,,,,,,,,,,,,,,,,,,,,,,,,,,,,,3.8,,,,,,
1963-12,,,,,,,,,,,,,,,,,,,,,,,,,,,,,,,,,,,,,,,,,-5.9,,,,,,
1964-12,,,,,,,,,,,,,,,,,,,,,,,,,,,,,,,,,,,,,,,,,-3.7,,,,,,
1965-12,,,,,,,,,,,,,,,,,,,,,,,,,,,,,,,,,,,,,,,,,-1.2,,,,,,
1966-12,,,,,,,,,,,,,,,,,,,,,,,,,,,,,,,,,,,,,,,,,-1.2,,,,,,
1967-12,,,,,,,,,,,,,,,,,,,,,,,,,,,,,,,,,,,,,,,,,-0.6,,,,,,
1968-12,,,,,,,,,,,,,,,,,,,,,,,,,,,,,,,,,,,,,,,,,0.1,,,,,,
1969-12,,,,,,,,,,,,,,,,,,,,,,,,,,,,,,,,,,,,,,,,,1,,,,,,
1970-12,,,,,,,,,,,,,,,,,,,,,,,,,,,,,,,,,,,,,,,,,0,,,,,,
1971-12,,,,,,,,,,,,,,,,,,,,,,,,,,,,,,,,,,,,,,,,,-0.1,,,,,,
1972-12,,,,,,,,,,,,,,,,,,,,,,,,,,,,,,,,,,,,,,,,,0.2,,,,,,
1973-12,,,,,,,,,,,,,,,,,,,,,,,,,,,,,,,,,,,,,,,,,0.1,,,,,,
1974-12,,,,,,,,,,,,,,,,,,,,,,,,,,,,,,,,,,,,,,,,,0.7,,,,,,
1975-12,,,,,,,,,,,,,,,,,,,,,,,,,,,,,,,,,,,,,,,,,0.4,,,,,,
1976-12,,,,,,,,,,,,,,,,,,,,,,,,,,,,,,,,,,,,,,,,,0.3,,,,,,
1977-12,,,,,,,,,,,,,,,,,,,,,,,,,,,,,,,,,,,,,,,,,2.7,,,,,,
1978-12,,,,,,,,,,,,,,,,,,,,,,,,,,,,,,,,,,,,,,,,,0.7,,,,,,
1979-12,,,,,,,,,,,,,,,,,,,,,,,,,,,,,,,,,,,,,,,,,1.9,,,,,,
1980-12,,,,,,,,,,,,,,,,,,,,,,,,,,,,,,,,,,,,,,,,,7.5,,,,,,
1981-12,,,,,,,,,,,,,,,,,,,,,,,,,,,,,,,,,,,,,,,,,2.5,,,,,,
1982-12,,,,,,,,,,,,,,,,,,,,,,,,,,,,,,,,,,,,,,,,,2,,,,,,
1983-12,,,,,,,,,,,,,,,,,,,,,,,,,,,,,,,,,,,,,,,,,2,,,,,,
1984-12,,,,,,,,,,,,,,,,,,,,,,,,,,,,,,,,,,,,,,,,,2.7,,,,,,
1985-12,,,,,,,,,,,,,,,,,,,,,,,,,,,,,,,,,,,,,,,,,9.3,,,,,,
1986-12,,,,,,,,,,,,,,,,,,,,,,,,,,,,,,,,,,,,,,,,,6.5,,,,,,
1987-01,,,,,,,,,,,,,,,,,,,,,,,,,,,,,,,,,,,,,,,,,4.7,,,,,,
1987-02,,,,,,,,,,,,,,,,,,,,,,,,,,,,,,,,,,,,,,,,,4.8,,,,,,
1987-03,,,,,,,,,,,,,,,,,,,,,,,,,,,,,,,,,,,,,,,,,5.4,,,,,,
1987-04,,,,,,,,,,,,,,,,,,,,,,,,,,,,,,,,,,,,,,,,,5.7,,,,,,
1987-05,,,,,,,,,,,,,,,,,,,,,,,,,,,,,,,,,,,,,,,,,7.1,,,,,,
1987-06,,,,,,,,,,,,,,,,,,,,,,,,,,,,,,,,,,,,,,,,,7.2,,,,,,
1987-07,,,,,,,,,,,,,,,,,,,,,,,,,,,,,,,,,,,,,,,,,7.6,,,,,,
1987-08,,,,,,,,,,,,,,,,,,,,,,,,,,,,,,,,,,,,,,,,,7.7,,,,,,
1987-09,,,,,,,,,,,,,,,,,,,,,,,,,,,,,,,,,,,,,,,,,7.3,,,,,,
1987-10,,,,,,,,,,,,,,,,,,,,,,,,,,,,,,,,,,,,,,,,,6.9,,,,,,
1987-11,,,,,,,,,,,,,,,,,,,,,,,,,,,,,,,,,,,,,,,,,7.8,,,,,,
1987-12,,,,,,,,,,,,,,,,,,,,,,,,,,,,,,,,,,,,,,,,,7.9,,,,,,
1988-01,,,,,,,,,,,,,,,,,,,,,,,,,,,,,,,,,,,,,,,,,7.9,,,,,,
1988-02,,,,,,,,,,,,,,,,,,,,,,,,,,,,,,,,,,,,,,,,,9.2,,,,,,
1988-03,,,,,,,,,,,,,,,,,,,,,,,,,,,,,,,,,,,,,,,,,11.3,,,,,,
1988-04,,,,,,,,,,,,,,,,,,,,,,,,,,,,,,,,,,,,,,,,,12.2,,,,,,
1988-05,,,,,,,,,,,,,,,,,,,,,,,,,,,,,,,,,,,,,,,,,14.2,,,,,,
1988-06,,,,,,,,,,,,,,,,,,,,,,,,,,,,,,,,,,,,,,,,,16.3,,,,,,
1988-07,,,,,,,,,,,,,,,,,,,,,,,,,,,,,,,,,,,,,,,,,19.2,,,,,,
1988-08,,,,,,,,,,,,,,,,,,,,,,,,,,,,,,,,,,,,,,,,,23.6,,,,,,
1988-09,,,,,,,,,,,,,,,,,,,,,,,,,,,,,,,,,,,,,,,,,26.4,,,,,,
1988-10,,,,,,,,,,,,,,,,,,,,,,,,,,,,,,,,,,,,,,,,,27.1,,,,,,
1988-11,,,,,,,,,,,,,,,,,,,,,,,,,,,,,,,,,,,,,,,,,26.8,,,,,,
1988-12,,,,,,,,,,,,,,,,,,,,,,,,,,,,,,,,,,,,,,,,,27.9,,,18.54,,,
1989-01,,,,,,,,,,,,,,,,,,,,,,,,,,,,,,,,,,,,,,,,,27.4,,,,,,
1989-02,,,,,,,,,,,,,,,,,,,,,,,,,,,,,,,,,,,,,,,,,28.4,,,,,,
1989-03,,,,,,,,,,,,,,,,,,,,,,,,,,,,,,,,,,,,,,,,,27,,,,,,
1989-04,,,,,,,,,,,,,,,,,,,,,,,,,,,,,,,,,,,,,,,,,26.6,,,,,,
1989-05,,,,,,,,,,,,,,,,,,,,,,,,,,,,,,,,,,,,,,,,,24.8,,,,,,
1989-06,,,,,,,,,,,,,,,,,,,,,,,,,,,,,,,,,,,,,,,,,22.8,,,,,,
1989-07,,,,,,,,,,,,,,,,,,,,,,,,,,,,,,,,,,,,,,,,,19.4,,,,,,
1989-08,,,,,,,,,,,,,,,,,,,,,,,,,,,,,,,,,,,,,,,,,15.3,,,,,,
1989-09,,,,,,,,,,,,,,,,,,,,,,,,,,,,,,,,,,,,,,,,,11.5,,,,,,
1989-10,,,,,,,,,,,,,,,,,,,,,,,,,,,,,,,,,,,,,,,,,8.6,,,,,,
1989-11,,,,,,,,,,,,,,,,,,,,,,,,,,,,,,,,,,,,,,,,,7.4,,,,,,
1989-12,,,,,,,,,,,,,,,,,,,,,,,,,,,,,,,,,,,,,,,,,6.6,,,-16.65,,,
1990-01,,,0.24,,138.36,,138.6,,,,,,,,,-21.1,,,,,,,,,,,,,,,,,,,,,,,,,4.3,,,,,,
1990-02,,,9.62,,142.93,,152.55,,,,,,,,,5,,,,,,,,,,,,,,,,,,,,,,,,,4.4,,,,,,
1990-03,,,-26.59,,227.61,,201.02,,,,,,,,,0.8,,,,,,,,,,,,,,,,,,,,,,,,,3.4,,,,,,
1990-04,,,1.06,,223.11,,224.17,,,,,,,,,1.7,,,,,,,,,,,,,,,,,,,,,,,,,3.2,,,,,,
1990-05,,,10.8,,221.22,,232.02,,,,,,,,,3.3,,,,,,,,,,,,,,,,,,,,,,,,,2.7,,,,,,
1990-06,,,15.85,,261.17,,277.02,,,,,,,,,5,,,,,,,,,,,,,,,,,,,,,,,,,1.1,,,,,,
1990-07,,,9.56,,298.78,,308.34,,,,,,,,,2.5,,,,,,,,,,,,,,,,,,,,,,,,,1.1,,,,,,
1990-08,,,32.6,,265.45,,298.05,,,,,,,,,4.2,,,,,,,,,,,,,,,,,,,,,,,,,2.5,,,,,,
1990-09,,,-18.94,,278.94,,260,,,,,,,,,6.7,,,,,,,,,,,,,,,,,,,,,,,,,2.9,,,,,,
1990-10,,,-52.63,,329.6,,276.97,,,,,,,,,10.9,,,,,,,,,,,,,,,,,,,,,,,,,3.1,,,,,,
1990-11,,,82.09,,229.84,,311.93,,,,,,,,,12.6,,,,,,,,,,,,,,,,,,,,,,,,,4.3,,,,,,
1990-12,,,,,320.09,,,,,,,,,,,12.6,,,,,,,,,,,4.94,,,,,,,,,,,,,,3.7,,,-2.16,,127.61,127.61
1991-01,,,-45.94,51.24,209.25,17.83,163.31,,64.11,,,,,,,23.5,,,,,,,,,,,6.44,,,,,,,,,,,,,,2.2,,,,,129.97,129.97
1991-02,,,2.38,1.81,145.52,-3.05,147.9,,90.19,,,,,,,9.2,,,,,,,,,,,6.84,,,,,,,,,,,,,,1.8,,,,,133.01,133.01
1991-03,,,-26.08,1.51,231.04,1.96,204.96,,116.38,,,,,,,10.9,,,,,,,,,,,7.04,,,,,,,,,,,,,,1.6,,,,,120.19,120.19
1991-04,,,10.62,-1.83,219.03,2.44,229.65,,91.12,,,,,,,10.9,,,,,,,,,,,6.26,7.34,,,,,,,,,,,,,1.3,,,,,113.94,113.94
1991-05,,,-2.67,9.25,241.69,3.02,239.02,,96.6,,,,,,,10.9,,,,,,,,,,,3.96,5.04,,,,,,,,,,,,,3.6,,,,,114.83,114.83
1991-06,,,31.86,3.66,270.74,9.23,302.6,,92.32,,,,,,,9.2,,,,,,,,,,,3.16,4.24,,,,,,,,,,,,,4.4,,,,,137.56,137.56
1991-07,,,53.66,9.85,328.2,23.84,381.86,,92.55,,,,,,,10.9,,,,,,,,,,,2.86,3.94,,,,,,,,,,,,,4.7,,,,,143.8,143.8
1991-08,,,42.98,-5.61,250.56,-1.51,293.54,,98,,,,,,,11.8,,,,,,,,,,,2.66,3.74,,,,,,,,,,,,,4.9,,,,,178.43,178.43
1991-09,,,-8.49,5.74,294.96,10.18,286.47,,95.11,,,,,,,12.6,,,,,,,,,,,3.06,4.14,,,,,,,,,,,,,4.5,,,,,180.92,180.92
1991-10,,,-47.94,19.38,393.49,24.76,345.55,,96.74,,,,,,,11.8,,,,,,,,,,,2.76,3.84,,,,,,,,,,,,,4.8,,,,,218.6,218.6
1991-11,,,71.14,35.77,312.06,22.85,383.2,,98.49,,,,,,,7.6,,,,,,,,,,,3.16,4.24,,,,,,,,,,,,,4.4,,,,,259.6,259.6
1991-12,,,,,252.94,,,,107.39,,,,,,,5,,,,,,,,,,,3.06,4.14,,,,,,,,,,,,,4.5,,,0.19,,292.75,292.75
1992-01,,,-29.3,5.97,221.74,17.84,192.44,,88.1,,,,,,,10.9,,,,,,,,,,,2.06,3.14,,,,,,,,,,,,,5.5,,,,,313.24,313.24
1992-02,,,-32.26,26.08,183.47,2.24,151.21,,89.77,,,,,,,18.5,,,,,,,,,,,2.26,3.34,,,,,,,,,,,,,5.3,,,,,364.66,360.46
1992-03,13.6,5262.8,-51.98,19.8,276.78,9.68,224.8,,91.53,,,,,,,16.8,,,,,,,,61.8,29,9.1,2.26,3.34,,,,,,,,,,,,,5.3,,,,,381.24,383.09
1992-04,,,-65.45,51.73,332.33,16.21,266.88,,94.8,,,,,,,15.1,,,,,,,,,,,0.46,1.54,,,,,,,,,,,,,7.1,,,,,445.38,450.15
1992-05,,,-38.67,28.83,311.36,14.09,272.69,,93.21,,,,,,,14.3,,,,,,,,,,,2.86,3.94,,,,,,,,,,,,,4.7,,,,,1234.71,1303.25
1992-06,14.1,6484.3,34.33,9.66,296.9,9.46,331.23,,94.18,,,,,,,16.8,,,,,,,,61.4,28.8,9.8,2.76,3.84,,,,,,,,,,,,,4.8,,,,,1191.19,1259.07
1992-07,,,54.06,25.86,413.08,22.33,467.14,,96.37,,,,,,,19.3,,,,,,,,,,,2.36,3.44,,,,,,,,,,,,,5.2,,,,,1052.07,1120.39
1992-08,,,38.14,23.9,310.44,18.75,348.58,,96.74,,,,,,,17.6,,,,,,,,,,,1.76,2.84,,,,,,,,,,,,,5.8,,,,,823.27,868.54
1992-09,14.6,7192.6,41.5,9.3,322.39,27.03,363.89,,96.06,,,,,,,17.6,,,,,,,,63,30.4,6.6,0.06,1.14,,,,,,,,,,,,,7.5,,,,,702.32,747.15
1992-10,,,94.2,-23.36,301.57,14.53,395.77,,96.73,,,,,,,18.5,,,,,,,,,,,-0.34,0.74,,,,,,,,,,,,,7.9,,,,,507.25,512.1
1992-11,,,79.34,-0.55,310.34,1.69,389.68,,95.94,,,,,,,21.8,,,,,,,,,,,-0.64,0.44,,,,,,,,,,,,,8.2,,,,,724.6,750.82
1992-12,14.6,8254.8,,,202.97,,,,105.17,,,,,,,26.9,,,,,,,,65.6,26.8,7.6,-1.24,-0.16,,,,,,,,,,,,,8.8,,,4.11,,780.39,815.8
1993-01,,,6.06,-22.93,170.89,-8.05,176.95,,81.77,,,,,,,8.4,,,,,,,,,,,-2.74,-1.66,,,,,,,,,,,,,10.3,,,,,1198.48,1245.21
1993-02,,,17.91,16.04,212.9,52.64,230.81,,94.96,,,,,,,27.7,,,,,,,,,,,-3.24,-2.16,,,,,,,,,,,,,10.8,,,,,1339.88,1393.99
1993-03,15.3,6834.6,-63.93,8.64,347.48,26.13,283.55,,95.78,,,,,,,21.8,,,,,,,,65.4,30.2,4.4,-4.64,-3.56,,,,,,,,,,,,,12.2,,,,,925.91,952.41
1993-04,,,-7.09,-25.1,300.7,10.02,293.61,,95.56,,,,,,,21,,,,,,,,,,,-5.04,-3.96,,,,,,,,,,,,,12.6,,,,,1358.78,1419.13
1993-05,,,35.73,-15.23,263.93,9.89,299.66,,95.16,,,,,,,22.7,,,,,,,,,,,-4.82,-4.64,,,,,,,,,,,,,14,,,,,935.48,972.27
1993-06,13.5,8357,85.93,-16.32,248.46,0.95,334.39,,94.97,,,,,,,25.2,,,,,,,,67.8,26,6.2,-5.92,-5.74,,,,,,,,,,,,,15.1,,,,,1007.05,1052.85
1993-07,,,213.72,-39.57,249.64,-0.81,463.36,,94.95,,,,,,,21,,,,,,,,,,,-5.22,-5.22,,,,,,,,,,,,,16.2,,,,,881.07,920.49
1993-08,,,142.1,-27.03,226.54,5.75,368.64,,94.38,,,,,,,19.3,,,,,,,,,,,-5.42,-5.42,,,,,,,,,,,,,16.4,,,,,895.68,929.03
1993-09,12.9,9385.8,84.06,-13.63,278.44,-0.38,362.5,,94.54,,,,,,,16,,,,,,,,65.3,26.4,8.3,-4.72,-4.72,,,,,,,,,,,,,15.7,,,,,890.27,921.86
1993-10,,,143.54,26.77,382.31,32.87,525.85,,95.37,,,,,,,13.4,,,,,,,,,,,-4.92,-4.92,,,,,,,,,,,,,15.9,,,,,814.82,843.15
1993-11,,,88.98,45.02,450.04,38.32,539.02,,95.25,,,,,,,16,,,,,,,,,,,-5.72,-5.72,,,,,,,,,,,,,16.7,,,,,984.93,1020.53
1993-12,14.1,11095.9,,,467,,,,109.86,,,,,,,25.2,,,,,,,,60.3,29.1,10.6,-7.82,-7.82,,,,,,,,,,,,,18.8,,,9.19,,833.8,847.75
1994-01,,,-50.87,86.23,318.25,51.1,267.38,,89.07,,,,,,,27.7,,,,,,,,,,,-10.12,-10.12,,,,,,,,,,,,,21.1,23.8,,,,770.25,790.25
1994-02,,,-6.02,8.12,230.19,-2.88,224.17,,90.87,,,,,,,3.4,,,,,,,,,,,-12.22,-12.22,,,,,,,,,,,,,23.2,28.4,,,,770.98,790.65
1994-03,14.1,9375.1,-62.14,26.69,380.96,12.44,318.82,,94.23,,,,,,,16,,,,,,,,64.3,31.3,4.4,-11.42,-11.42,,,,,,,,,,,,,22.4,27,,,,704.46,726.37
1994-04,,,-7.3,46.44,364.5,21.66,357.2,,94,,,,,,,16.8,,,,,,,,,,,-10.72,-10.72,,,,,,,,,,,,,21.7,25.6,,,,592.56,607.72
1994-05,,,22.56,27.21,335.75,19.57,358.31,,92.77,,,,,,,17.6,,,,,,,,,,,-10.32,-10.32,,,,,,,,,,,,,21.3,25.3,,,,556.26,565.08
1994-06,13.3,11481,56.25,57.46,391.22,33.82,447.47,,92.87,,,,,,,15.1,,,,,,,,67.5,26.7,5.8,-11.62,-11.62,,,,,,,,,,,,,22.6,28.5,,,,469.29,474.83
1994-07,,,45.25,55.51,388.21,-6.45,433.46,,95.27,,,,,,,15.1,,,,,,,,,,,-13.02,-13.02,,,,,,,,,,,,,24,32.1,,,,333.92,328.85
1994-08,,,66.58,56.75,355.1,14.39,421.68,,96.47,,,,,,,29.4,,,,,175000,,,,,,-14.82,-14.82,,,,,,,,,,,,,25.8,36.5,,,,785.33,807.87
1994-09,13.1,12868,-1.21,54.85,431.16,18.61,429.95,,96.91,,,,,,,21.8,,,,,1274000,,,68,25.2,6.8,-16.32,-16.32,,,,,,,,,,,,,27.3,39.2,,,,791.15,813.48
1994-10,,,-5.66,30.73,499.8,-6.03,494.14,,95.64,,,,,,,24.4,,,,,1035000,,,,,,-16.72,-16.72,,,,,,,,,,,,,27.7,40.2,,,,654.98,668.63
1994-11,,,125.06,20.21,541,23.57,666.06,,96.98,,,,,,,23.5,,,,,2200000,,,,,,-16.52,-16.52,,,,,,,,,,,,,27.5,39.7,,,,683.59,704.63
1994-12,12,14913.3,,,1023.4,,,,103.58,,,,,,,18.5,,,,,566000,,,65,27.1,7.9,-14.52,-14.52,,,,,,,,,,,,,25.5,35.5,,5.64,,647.87,667.77
1995-01,,,85.58,-19.56,256,27.75,341.58,2.8,91.91,88.2,,,,,,11.4,,13.7,,,2691000,,,,,,-13.12,-13.12,,,,,,,,,,,,,24.1,35.7,,3.7,4.8,562.59,580.94
1995-02,,,29.1,13.37,260.96,29.39,290.06,4.1,95.47,,,,,,,15.5,,,,,1771000,,,,,,-11.42,-11.42,,,,,,,,,,,,,22.4,32.1,,2.1,2.9,549.26,564.52
1995-03,11.9,12111.7,-112.97,33.99,510.44,24.67,397.47,1.7,95.55,,,18.26,,,,16.4,,,,,2633000,,,62.3,32.6,5.1,-10.32,-10.32,,,,,,,,,,,,,21.3,30.6,,-0.1,-0.9,646.92,669.36
1995-04,,,73.95,10.27,401.94,33.23,475.89,1.2,95.17,,,4.97,,,,15.4,,,,,1720000,,,,,,-9.72,-9.72,,,,,,,,,,,,,20.7,30,,0.8,0.7,579.93,600.53
1995-05,,,15.47,32.82,445.94,28.77,461.41,1.4,94.46,,,21.23,,,,13.1,,,,,1336000,,,,,,-9.32,-9.32,,,,,,,,,,,,,20.3,29.2,,0.1,-0.7,700.51,728.06
1995-06,11,14612.9,-89.9,62.8,636.9,22.24,547,1.3,94.31,,,16.04,,,,13.9,,,,,3080000,,,64.7,26.1,9.3,-7.22,-7.22,,,,,,,,,,,,,18.2,25.3,,-1.4,-3.4,630.58,653.55
1995-07,,,-2.74,39.76,542.55,24.54,539.81,-0.5,94.76,,,15.41,,,,13.6,,,,,1142000,,,,,,-5.72,-4.64,,,,,,,,,,,,,16.7,22.2,,-0.7,-2,695.55,721.01
1995-08,,,100.8,14.24,405.66,20.11,506.46,0.1,96.11,,,26.85,,,,11.8,,,,439.43,944000,,,,,,-3.52,-2.44,,,,,,,,,,,,,14.5,17.9,,1.7,3.1,723.87,750.29
1995-09,10.4,16164.1,-22.21,24.54,536.98,19.73,514.77,-1.2,95.75,,,20.18,,,,11.4,,,,-11.15,1132000,,,65.5,24.6,9.9,-2.22,-1.14,,,,,,,,,,,,,13.2,16.1,,2.5,3.7,722.43,750.13
1995-10,,,-8.77,8.86,544.06,8.33,535.29,-0.3,95.45,,,17.28,,,,12.9,,,,32.08,1367000,,,,,,-1.12,-0.04,,,,,,,,,,,,,12.1,13.9,,0,-1,717.32,746.19
1995-11,,,124.63,5.88,572.79,4.71,697.42,-1.3,95.55,,,15.53,,,,12.1,,,,-94.05,131000,,,,,,-0.22,0.86,,,,,,,,,,,,,11.2,12,,0.2,-0.3,641.14,666.24
1995-12,10.8,18451.2,388.58,,1127.98,,1516.56,-0.7,102.5,,,176.61,,,,14.9,,,,-317.14,-1229000,,,59.3,30.7,10,0.88,1.96,,,,,,,,,,,,,10.1,10,,0.8,1,555.29,575.19
1996-01,,,-98.76,83.48,469.7,8.6,370.94,,91.65,-0.1,,,,,,16.9,,55.8,,-135.91,-966230,,,,,,1.98,3.06,,,,,,,,,,,,,9,8.2,,2.1,2,537.35,554.04
1996-02,,,47.67,26.77,330.82,30.49,378.49,,92.33,,,,,,,12.2,,,,-70.83,516670,,,,,,1.68,2.76,,,,,,,,,,,,,9.3,9.3,,2.3,4.1,552.94,570.38
1996-03,10.9,14628,-81.69,0.09,510.9,7.99,429.21,,94.64,,,25.42,,,,12.2,,,,-127.65,-727940,,,62.7,32.2,5.1,1.18,2.26,,,,,,,,,,,,,9.8,10,,0.6,0,556.39,575.03
1996-04,,,-108.54,55.79,626.17,8.77,517.63,,94.01,,,23.59,,,,13.7,,,,-73.5,455810,,,,,,1.28,2.36,,,,,,,,,,,,,9.7,10,,0.7,0.9,681.16,708.43
1996-05,,,86.72,9.08,486.45,24.22,573.17,,94.35,,,30.6,,,,13.1,,,,-89.09,145800,,,,,,0.28,2.08,,,,,,,,,,,,,8.9,8.5,,-0.5,-1.8,643.65,669.5
1996-06,9.4,17147.5,53.41,-9.12,578.84,15.59,632.25,,94.9,,,41.08,,,,13.8,,,,-55.95,1356730,,,60,31.5,8.6,0.58,2.38,,,,,,,,,,,,,8.6,7.9,,-1.6,-3.8,804.25,841
1996-07,,,-24.31,20.53,653.94,16.64,629.63,,95.64,,,35.28,,,,12.2,,,,-1.83,1121070,,,,,,0.88,2.68,,,,,,,,,,,,,8.3,7.8,,-0.8,-1.9,822.48,860.98
1996-08,,,78.05,24.43,504.78,15.08,582.83,,96.08,,,35.04,,,,10.6,,,,217.3,2995330,,,,,,-0.63,1.98,,,,,,,,,,,,,8.1,7.6,,1.5,3,809.94,847.21
1996-09,9.2,18605.8,56.18,9.83,589.75,25.48,645.93,,96.74,,,44.04,,,,13.7,,,,176.06,3124980,,,63.9,25.6,10.5,0.07,2.68,,,,,,,,,,,,,7.4,5.9,,1.5,1.7,875.52,918.95
1996-10,,,-12.35,25.01,680.12,24.75,667.77,,96.27,,,39.73,,,,13.3,,,,186.06,3910460,,,,,,0.47,3.08,,,,,,,,,,,,,7,5.7,,-0.2,-1,976.71,1028.54
1996-11,,,161.58,7.98,618.48,11.85,780.06,,96.75,,,35.04,,,,13.4,,,,1425.47,1998370,,,,,,0.57,3.18,,,,,,,,,,,,,6.9,5.4,,-0.1,-0.8,1032.95,1086.08
1996-12,10.3,21432.4,371.69,,1357.95,14.05,1729.64,,102.97,,,226.75,,,,14,,,,38.49,-1702000,,,62.1,25.9,11.9,0.47,3.08,,,,,,,,,,,,,7,5,,0.7,0.6,917.02,954.98
1997-01,,,-112.05,28.67,604.34,32.71,492.29,0.53,92.35,27.5,,,,,,10.3,,-1.2,,-277.56,1715620,,,,,,1.57,4.18,,,,,,,,,,,,,5.9,3.7,,1.1,1,964.74,1006.36
1997-02,,,-56.91,27,420.13,-4.03,363.22,1.7,94.26,,,,,,,10.4,,,,309.87,2117680,,,,,,1.87,4.48,,,,,,,,,,,,,5.6,3.5,,2,3.9,1040.27,1087.42
1997-03,10.1,16689.1,-131.6,31.34,671,25.67,539.4,0.26,95.02,,,23.25,,,,13.5,,,,-505.08,2948750,,,54.3,40.9,4.8,3.47,6.08,,,,,,,,,,,,,4,1.2,,-1.1,-2.5,1234.62,1293.36
1997-04,,,-91.74,16.25,727.94,22.91,636.2,0.49,95.21,,,30.07,,,,11.9,,,,684.23,3574590,,,,,,4.27,6.88,,,,,,,,,,,,,3.2,0.1,,-0.2,-0.5,1393.75,1456.5
1997-05,,,-23,37.24,667.62,12.47,644.62,0.31,94.99,,,29.85,,,,11.9,,,,2392.47,3634020,,,,,,4.67,7.28,,,,,,,,,,,,,2.8,-0.3,,-0.9,-2.3,1285.18,1341.86
1997-06,10,19163.6,26.83,39.94,810.04,32.36,836.87,0.43,95.49,,,38.28,,,,12.1,,,,206.13,4153350,,,58.5,34.2,7.3,4.67,7.28,,,,,,,,,,,,,2.8,0,,-1.7,-3.6,1250.27,1306.78
1997-07,,,-72.08,24.62,814.94,17.98,742.86,0.5,96.34,,,36.14,,,,8.4,,,,145.71,2754560,,,,,,4.77,7.38,,,,,,,,,,,,,2.7,0,,-1.2,-2.6,1189.76,1245.58
1997-08,,,68.64,15.01,580.56,11.39,649.2,0.24,96.66,,,34.75,,,,10.9,,,,65.49,4956950,,,,,,5.57,8.18,,,,,,,,,,,,,1.9,-1.4,,0.6,1.4,1221.06,1274.47
1997-09,8.6,20500.9,79.22,6.62,628.77,9.61,707.99,0.12,96.79,,,35.69,,,,11.1,,,,62.63,5082200,,,58.7,34.9,6.4,5.67,8.28,,,,,,,,,,,,,1.8,-1.2,,1.7,2.3,1097.38,1144.67
1997-10,,,-96.53,23.47,839.76,11.3,743.23,0.15,95.91,,,39.99,,,,11.8,,,,27.22,4974970,,,,,,4.17,7.14,,,,,,,,,,,,,1.5,-1.8,,-0.6,-1.3,1180.39,1239.76
1997-11,,,177.77,11.66,690.6,11.32,868.37,-0.6,96.12,,,44.74,,,,11.6,,,,132.94,4654980,,,,,,4.57,7.54,,,,,,,,,,,,,1.1,-2.2,,-0.3,-1,1139.63,1200.71
1997-12,8.6,23361.5,813.91,,1195.4,16.17,2009.31,-0.57,102.61,,,134.52,,,,9.2,,,,-106.58,111910,,,63.8,28.9,7.2,5.27,8.24,,,,,,,,,,,,,0.4,-2.9,,0.1,0.1,1194.1,1258.49
1998-01,,,-100.94,0.7,608.37,3.08,507.43,-0.55,91.96,8.8,,,,,,1.8,,-12.9,,132.05,3981127,,,,,,5.37,8.34,,,,,,,,,,,,,0.3,-2.3,,0.7,1.3,1222.91,1293.78
1998-02,,,-54.18,21.7,511.1,25.8,456.92,0.26,94.98,,,,-6.8,,,9.5,,,,49.45,3164970,,,,,,5.77,8.74,,,,,,,,,,,,,-0.1,-2.9,,1.5,3.2,1206.53,1270.64
1998-03,7.3,18049.1,-121.09,7.8,723.24,11.63,602.15,-1.15,94.75,,,24.43,-0.3,,,9,,,,21.24,3575030,,,55.4,40,4.6,4.52,7.22,,,,,,,,,,,,,0.7,-0.8,,-0.5,-0.9,1243.02,1312.05
1998-04,,,-133.7,11.7,812.81,6.74,679.11,0.23,95.4,,,27.86,-3.1,117.25,,7.2,,,,19.34,4265790,,,,,,5.52,8.22,,,,,,,,,,,,,-0.3,-2.8,,-0.8,-1.7,1343.45,1421.07
1998-05,,,99.54,0.8,672.77,19.81,772.31,0.3,95.59,,,27.95,-4,136.38,,8,,,,0.04,3635500,,,,,,6.22,8.92,,,,,,,,,,,,,-1,-3.9,,-1.4,-2.9,1411.21,1496.33
1998-06,6.9,20296.6,61.01,14.8,929.86,18.4,990.87,-0.09,96.06,,,34.59,-3.5,175.84,,7.9,,,,-9.65,3752570,,,60.2,35.6,4.2,6.52,9.22,,,,,,,,,,,,,-1.3,-4.2,,-1.8,-3.7,1339.2,1421.24
1998-07,,,-57.73,5.8,862.11,8.28,804.38,-0.43,96.29,,,35.11,-5,155.62,22.2,7.6,,,,52.23,4193330,,,,,,6.17,8.33,,,,,,,,,,,,,-1.4,-4.2,,-1.3,-2.5,1316.92,1401.93
1998-08,,,158.2,11.2,645.58,23.81,803.78,0.86,97.64,,,32.42,-5.3,175.74,25.3,7.9,,,,-5.62,4678360,,,,,,6.17,8.33,,,,,,,,,,,,,-1.4,-4.1,,0.8,1.9,1150.22,1224.08
1998-09,7.8,21775.6,202.94,23,773.62,37.93,976.56,0.91,97.84,,,35.24,-4.5,183.96,29.2,10.2,,,,-22.62,3932720,,,61.8,31.1,7.1,6.27,8.43,,,,,,,,,,,,,-1.5,-3.9,,1.6,2.3,1242.9,1320.97
1998-10,,,-34.78,7.8,905.35,17.13,870.57,0.71,96.83,,,38.97,-4.1,192.74,29.1,10.6,,,,-38.15,3077060,,,,,,5.87,8.03,,,,,,,,,,,,,-1.1,-3.2,,-0.3,-0.9,1217.32,1293.59
1998-11,,,172.8,26.3,872.49,20.37,1045.29,0.62,96.59,,,35.1,-6.6,191.75,29.2,11,,,,-40.24,2782010,,,,,,5.97,8.13,,,,,,,,,,,,,-1.2,-3.3,,-0.3,-1,1247.42,1327.11
1998-12,9.1,25074.2,730.16,,1558.65,13.91,2288.81,-0.57,101.42,,,131.59,-5.4,598.51,24,11.5,,,,1975.49,2322680,,,60.4,28.9,10.7,4.78,7.39,,,,,,,,,,,,,-1,-2.8,,0.2,0.4,1146.7,1219.64
1999-01,,,-306.36,41.4,859.96,9.1,553.6,1.3,92.91,-10.8,,,,,,17.9,,13.9,,-62.59,1489280,,,,,,4.98,7.59,,,,,,,,,,,,,-1.2,-3.6,,0.2,0.4,1134.67,1208.13
1999-02,,,-49.39,13.3,579.15,15.94,529.76,-0.93,94.34,-10.3,,,-11.8,,42,2.1,,-4.3,,-28.03,2277810,,,,,,5.08,7.69,,,,,,,,,,,,,-1.3,-3.7,,1.3,2.8,1090.09,1160.58
1999-03,8.9,19361.9,-128.46,22.4,885.34,25.7,756.88,1.42,96.34,-4,,20.21,-25.2,160.29,35.5,9,,22,,-86.02,499910,,,58.1,38.1,3.8,5.58,8.19,,,,,,,,,,,,,-1.8,-4.9,,-0.8,-1.8,1158.05,1232.7
1999-04,,,-189.62,21.1,984.45,17.04,794.83,0.15,95.84,-7.4,,25.58,-21.1,162.95,32.2,9.1,,18.6,,-77.34,966780,,,,,,5.98,8.59,,,,,,,,,,,,,-2.2,-5.5,,-1,-1.8,1120.93,1192.67
1999-05,,,43.41,25.9,847.16,15.31,890.57,0.92,96.61,4.1,,23.59,-18.1,187.98,34.4,8.9,,21.5,,-48.43,1874730,,,,,,5.98,8.59,,,,,,,,,,,,,-2.2,-5.4,,-1.3,-2.7,1279.33,1357.95
1999-06,7.9,21567.7,-17.48,22.2,1136.37,12.92,1118.89,0.77,97.07,-1.6,,26.21,-18.3,222.38,33.7,9.1,,22.6,,-76.68,875110,,,60.4,34.7,4.9,4.35,7.95,,,,,,,,,,,,,-2.1,-5.1,,-1.8,-3.7,1689.43,1790.21
1999-07,,,-80.12,20.4,1037.75,19.05,957.63,0.58,97.43,7.3,,24.31,-19.2,203.8,34.9,9.3,,16.7,,-18.51,3417260,,,,,,3.65,7.25,,,,,,,,,,,,,-1.4,-3.5,,-0.9,-1.7,1601.46,1700.25
1999-08,,,91.32,16,748.64,4.5,839.96,0.8,98.45,17.7,,28,-18.2,219.69,32.9,9.5,,23.9,,4.29,4878870,,,,,,3.55,7.15,,,,,,,,,,,,,-1.3,-3.4,,1,2.2,1627.12,1728.62
1999-09,7.6,23050.8,445,7.4,830.63,30.62,1275.63,0.47,98.24,20.2,,26.38,-19.3,214.51,29.9,8.2,,32.5,,-15.88,3308260,,,57.1,35.6,7.2,3.05,6.65,,,,,,,,,,,,,-0.8,-3.7,,2,2,1570.7,1668.91
1999-10,,,60.24,7.7,975.47,18.97,1035.71,0.41,97.27,23.8,,29.8,19.9,,,7,,18.2,,44.27,4439160,,,,,,2.85,6.45,,,,,,,,,,,,,-0.6,-3.3,,0,-0.4,1504.56,1599.04
1999-11,,,176.93,7.9,941.4,6.99,1118.33,0.53,97.28,28.8,,34.84,-20.9,,29.1,7.6,,36.8,,-7.69,2568000,,,,,,3.15,6.75,,,,,,,,,,,,,-0.9,-3.9,,-0.6,-1.5,1434.97,1525.2
1999-12,6.7,26583.9,1698.15,,1617.76,44.87,3315.91,0.4,102.05,2.1,,78.3,-24.4,663.21,24.5,7.4,,-1.1,,21.25,2816260,,,52.3,41.2,6.5,3.25,6.85,,,,,,,,,,,,,-1,-4.4,,0,-0.2,1366.58,1451.9
2000-01,,,-290.07,24,1066.64,40.28,776.57,1.39,94.52,47.8,,,,,,8.9,50.8,54.2,,3.33,1538884,,,,,,2.45,6.05,,,,,,,,,,,,,-0.2,-3.1,,0.9,1.8,1535,1631.52
2000-02,,,-18.88,27.3,737.04,35.56,718.16,2.15,96.63,34.5,,,-4.9,,33,12,43.2,54.1,,-40.87,1346771,,,,,,1.55,5.15,,,,,,,,,,,,,0.7,-1.4,,1.9,3.8,1714.58,1825.07
2000-03,8.7,21329.9,-196.05,21.4,1074.74,16.09,878.69,0.04,96.72,35.9,,20.3,-17.4,193.36,23.1,11.9,30,23.9,,366.66,2332903,,,55.4,42.1,2.5,2.45,6.05,,,,,,,,,,,,,-0.2,-3.3,,-1.6,-3.4,1800.22,1915.6
2000-04,,,-98.97,20.3,1186.32,36.8,1087.35,1.38,97.35,38.8,,21.9,-11.9,208.37,24.6,11.4,35.9,32.8,,121.31,2139597,,,,,,2.55,6.15,,,,,,,,,,,,,-0.3,-3.9,,-0.9,-2,1836.32,1953.87
2000-05,,,73.96,11.9,948.19,14.77,1022.15,0.79,97.31,29.6,,24.3,-10.1,241.11,26.6,11.5,27.1,24.3,,67.42,3138747,,,,,,2.15,5.75,,,,,,,,,,,,,0.1,-3.1,,-1,-2.1,1894.55,2012.03
2000-06,9.1,24043.4,125.18,8,1227.23,20.87,1352.41,1.03,97.83,45,,30,-6.2,317.31,28.8,12.2,42.5,39.8,,116.15,1891568,,,59.9,38.2,1.9,1.75,5.35,,,,,,,,,,,,,0.5,-2.4,,-1.5,-3.2,1928.11,2047.7
2000-07,,,-147.9,15.3,1196.35,9.48,1048.45,0.4,97.84,24,,26.4,-3.2,271.88,29.5,12.8,31.2,40.1,,-41.86,1986881,,,,,,1.75,5.35,,,,,,,,,,,,,0.5,-2.4,,-0.8,-1.8,2023.54,2148.03
2000-08,,,244.89,39.3,1042.83,53.31,1287.72,-0.5,98.16,27.3,,25.4,-3.5,270.74,29,12.8,38.9,54.6,,-47.91,2541445,,,,,,1.95,5.55,,,,,,,,,,,,,0.3,-2.6,,1,2.4,2021.2,2144.01
2000-09,8.8,25712.5,197.11,30.2,1081.2,0.21,1278.31,-0.23,98.23,23.7,,27.6,-2.1,308.15,29.8,12,29.1,35.7,,-31.74,2258256,,,61.9,33.1,5,2.25,5.85,,,,,,,,,,,,,0,-3.7,,1.6,0.9,1910.16,2026.36
2000-10,,,-165.43,27.8,1246.29,4.36,1080.86,0.36,97.37,24.9,,22.5,-3,295.86,29.2,11.4,30.3,37.4,,-12.52,3883573,,,,,,2.25,5.85,,,,,,,,,,,,,0,-3.7,,-0.1,-0.7,1961.29,2078.65
2000-11,,,269.66,17.5,1105.92,23,1375.58,0.12,97.42,13.7,,22.3,-7.4,333.28,29.2,10.6,20.4,28,,-79.98,514000,,,,,,0.95,4.55,,,,,,,,,,,,,1.3,-1,,0.7,1.3,2070.61,2194.14
2000-12,7.5,29194.3,2498.77,,1482.48,20.07,3981.25,-1.22,101.47,8.5,,54,,713.29,25.8,10.4,15.2,22.9,,-79.69,571899,,,60.5,32.7,6.8,0.75,4.35,,,,,,,,,,,,,1.5,-0.1,,0.1,0.3,2073.48,2192.38
2001-01,,,-513.38,25.7,1340.66,6.53,827.28,0.03,94.44,0.9,,,,,,2.3,1.4,1.9,,-10.23,1381464,,,,,,1.06,4.66,,,,,,,,,,,,,1.19,-0.38,,1.9,2.3,2065.61,2185.2
2001-02,,,-91.54,41.4,1042.37,32.4,950.83,-0.3,96.35,28.4,,,15.3,,31,19,32,35.8,,-27.75,973007,,,,,,2.25,5.85,,,,,,,,,,,,,0,-3.3,,0.2,0.6,1959.18,2069.56
2001-03,9.5,24086.4,-244.11,20.9,1298.98,20.05,1054.87,0.04,97.4,14.4,,17.21,-0.9,244.59,28.6,12.1,15.4,16.5,,1.44,2366477,,,43.2,53.7,3.1,1.45,5.05,,,,,,,,,,,,,0.8,-1,,-0.6,-1.1,2112.78,2214.69
2001-04,,,-372.66,31,1553.96,8.64,1181.3,0.5,97.55,11.2,,19.68,-4.3,260.63,27.3,11.5,14.9,19.1,,-56.4,932901,,,,,,0.65,4.25,,,,,,,,,,,,,1.6,1.3,,0.2,0.4,2119.18,2214.49
2001-05,,,83.35,29.4,1226.6,28.16,1309.95,0.03,97.34,3.5,,23.33,-4.3,334.8,30.7,10.2,6.9,10.9,,-36.13,2004741,,,,,,0.55,4.15,,,,,,,,,,,,,1.7,1.7,,-0.5,-1.1,2214.26,2299.71
2001-06,8.6,26726.6,310.64,14.9,1409.78,27.21,1720.42,-0.69,97.05,-0.5,,32.57,-0.9,401.23,29.5,10.1,2,4.8,,-56.15,829495,,,52.1,46.2,1.7,0.85,4.45,,,,,,,,,,,,,1.4,1,,-1.2,-3.2,2218.03,2309.99
2001-07,,,-91.25,21.6,1455.06,30.08,1363.81,-0.68,97.28,6.2,,22.52,-3.5,362.11,30.2,8.1,6.8,7.5,,-2.75,1932192,,,,,,0.75,4.35,,,,,,,,,,,,,1.5,1.5,,-0.5,-1.1,1920.32,2006.33
2001-08,,,219.65,19.6,1247.58,13.94,1467.23,-0.02,97.97,0.9,,21.79,-5.1,376.45,31.7,8.1,3.6,6.7,,-45.76,1378588,,,,,,1.25,4.85,,,,,,,,,,,,,1,0.2,,0.1,0.7,1834.14,1916.43
2001-09,8,28333.3,306.63,20,1297.31,25.47,1603.94,0.11,98.28,4.4,,24.38,-6.1,407.47,31.8,9.5,4.9,5.5,,-5.29,2138769,,,45.1,48.1,6.8,2.35,5.95,,,,,,,,,,,,,-0.1,0.3,,0.9,1.7,1764.87,1844.29
2001-10,,,-278.93,20.5,1502.38,13.19,1223.45,0.14,97.55,0.1,,24.85,-4.3,393.91,31.9,8.8,-0.1,-0.2,,0.13,3888717,,,,,,2.05,5.65,,,,,,,,,,,,,0.2,0.8,,0.3,0.5,1689.17,1762.36
2001-11,,,508.24,16.9,1293.17,30.96,1801.41,-0.14,97.16,8.4,,23.75,-3.3,402.22,30.5,7.9,2.4,-3.7,,513.86,3155236,,,,,,2.55,6.15,,,,,,,,,,,,,-0.3,-0.8,,-0.2,-0.7,1747.99,1822.84
2001-12,7.5,31716.8,2680.1,,1717.97,10.47,4398.07,0.71,101.75,11.5,,87.33,8.7,878.6,28.9,8.7,8.1,4.6,,269.38,2112474,,,45.2,48,6.9,2.55,6.15,,,,,,,,,,,,,-0.3,-0.8,,0.1,0.3,1645.97,1712.54
2002-01,,,-470.76,12.7,1511.33,25.78,1040.57,1.43,94.86,29.2,,,,,,18.6,25.7,21.9,,97.82,2732874,,,,,,3.25,6.85,,,,,,,,,,,,,-1,-1.9,,0.3,1.1,1491.66,1555.08
2002-02,,,148.61,-6.4,975.59,18.23,1124.2,-0.3,96.42,0.8,,,-7.4,,32.5,2.7,-5.8,-12.7,,230.8,3218712,,,,,,1.98,5.31,,,,,,,,,,,,,0,0.6,,1.1,3.2,1524.7,1590.18
2002-03,8.9,26295,25.69,1.7,1320.89,27.65,1346.58,-0.07,97.48,3.4,,28.04,24.6,344.06,36.8,10.9,5.8,8.4,,-43.65,1333621,,,43.7,53.8,2.4,2.78,6.11,,,,,,,,,,,,,-0.8,-0.6,-0.8,-1.3,-2.4,1603.9,1672.64
2002-04,,,-299.5,15,1787.55,25.97,1488.05,-0.06,97.27,17.2,,27.9,30.5,396.68,42.4,12.1,17.5,17.8,,4.19,971977,,,,,,3.28,6.61,,,,,,,,,,,,,-1.3,-2,-0.9,-0.3,-0.9,1667.75,1742.02
2002-05,,,-130.98,19.5,1465.97,1.91,1334.99,0.01,97.18,18.4,,29.53,29.4,460.54,40.8,12.9,18.8,19.3,,10.29,2211070,,,,,,3.08,6.41,,,,,,,,,,,,,-1.1,-1.5,-0.9,-0.3,-0.6,1515.73,1581.82
2002-06,8.8,29194.8,424.64,9.1,1538.33,14.1,1962.97,1.24,98.19,17.8,,32.96,21.3,511.35,37.2,12.4,13.3,8.5,,251.86,2918620,,,52.7,45,2.3,2.78,6.11,,,,,,,,,,,,,-0.8,-0.2,-1,-0.9,-1.9,1732.76,1809.96
2002-07,,,-33.02,17.9,1715.24,23.35,1682.22,0.89,98.61,28.1,,23.3,18.3,465.25,35.4,12.8,28.4,28.9,,15.02,2222326,,,,,,2.88,6.21,,,,,,,,,,,,,-0.9,-0.9,-1,-0.7,-1.7,1651.59,1723.56
2002-08,,,265.31,7.6,1342.14,9.56,1607.45,0.61,98.3,25.1,,25.66,18.2,483.09,34.2,12.7,23.9,22.7,,61.94,2232509,,,,,,2.68,6.01,,,,,,,,,,,,,-0.7,-0.4,-0.9,0.3,1.2,1666.62,1739.34
2002-09,9.6,31257.3,397.64,16.6,1512.88,19.11,1910.52,0.31,98.59,33.1,,33.73,20.9,510.17,32.8,13.8,34.7,36.4,,-1.04,2116616,,,50.2,43.5,6.3,2.68,6.01,,,,,,,,,,,,,-0.7,-0.2,-0.9,1,1.8,1581.62,1650.48
2002-10,,,-309.03,21.3,1822.89,23.74,1513.86,0.83,97.96,31.5,,33.91,22.8,513.53,32.5,14.2,32.3,33.3,,22.13,4749339,,,,,,2.78,6.11,,,,,,,,,,,,,-0.8,-0.5,-0.9,0.2,0.2,1507.5,1574.93
2002-11,,,404.69,15.6,1495.33,5.47,1900.02,0.28,97.63,30.1,,28.9,22.7,433.82,29.6,14.5,33.7,37.9,,-21.57,2474592,,,,,,2.68,6.01,,,,,,,,,,,,,-0.7,-0.1,-1,-0.1,-0.3,1434.18,1499.36
2002-12,9.1,34970.3,2726.22,,2415.48,16.91,5141.7,-0.49,101.16,30.2,,96.04,12.9,861.78,23.1,14.9,29.3,28.4,,49.44,3156907,,,50.1,45.1,4.8,2.38,5.71,,,,,,,,,,,,,-0.4,0.5,,0.3,1,1357.65,1419.12
2003-01,,,-699.39,32,1994.64,24.48,1295.25,0.22,95.85,37.3,,,,,,14.8,49.5,63.4,,-145.38,-1240181,,,,,,1.59,4.92,,,,,,,,,,,,,0.39,2.38,,1.1,3,1499.82,1567.29
2003-02,,,-401.99,53.7,1499.09,-2.41,1097.1,0.96,97.41,27.8,,,26.8,,35.4,19.8,37.6,49.4,,-79,675928,,,,,,1.78,5.11,,,,,,,,,,,,,0.2,1.8,-0.6,0.9,2.6,1511.93,1580.53
2003-03,11.1,29825.5,-211.44,29.6,1711.47,11.4,1500.03,-0.87,96.63,34.7,52234300,31.3,14.8,471.33,35.7,16.9,39.7,45.1,,-134.33,-457847,,,52.8,45.3,1.9,1.06,4.39,,,,,,,,,,,,,0.92,3.2,,-0.6,-1,1510.58,1579.8
2003-04,,,-330.57,15.5,2065.07,16.56,1734.5,-0.08,97.04,33.3,24154400,34.43,19.9,476.66,30.8,14.9,33.8,34.4,,4.52,1015866,,,,,,0.94,4.27,,,,,,,,,,,,,1.04,3.18,-0.9,-0.2,-1,1521.44,1592.2
2003-05,,,-81,20.7,1769.71,26.5,1688.71,0.06,97.23,37.3,21206600,44.07,28.6,543.92,27.1,13.7,39,40.9,,1.22,2238080,,,,,,1.32,4.65,,,,,,,,,,,,,0.66,1.86,0.1,-0.7,-1.9,1576.26,1650.3
2003-06,9.1,32537.3,435.24,24.5,1915.01,19.73,2350.25,0.2,98.2,32.6,19705800,42.72,27.9,683.85,28,16.9,36.1,40.1,,-26.69,2139683,,,58.4,39.5,2.1,1.64,4.97,,,,,,,,,,,,,0.34,0.4,0.3,-1.2,-3.3,1486.02,1555.91
2003-07,,,-151.85,14.7,1967.44,7.93,1815.59,0.4,98.49,30.6,14694100,48.57,39.7,612.93,28.3,16.5,32.8,35.3,,-28.19,1595942,,,,,,1.46,4.79,,,,,,,,,,,,,0.52,1.02,0.3,-0.5,-1.1,1476.74,1546.14
2003-08,,,274.86,6.5,1428.81,5.99,1703.67,0.39,98.74,27.2,8539800,41.69,42.9,614.55,28.2,17.1,27.2,27.3,,25.14,2793669,,,,,,1.07,4.4,,,,,,,,,,,,,0.91,2.2,0.3,0.7,2.4,1421.98,1490.4
2003-09,10,35291.9,299.16,17.7,1780.61,8.86,2079.77,-0.14,98.74,31.3,10090200,40.46,39.8,638.83,28,16.3,35.5,39.9,,-86.38,288362,,,61.3,33.9,4.8,0.87,4.2,,,,,,,,,,,,,1.11,3.17,0.1,1.2,2.7,1367.16,1432.36
2003-10,,,-334.7,10.7,2017.71,11.17,1683.01,0.93,98.71,36.7,8821900,39.54,36.7,582.9,26.1,17.2,38.1,39.7,,20.72,5733404,,,,,,0.17,3.5,,,,,,,,,,,,,1.81,5.1,0.2,0.9,2.1,1348.3,1410.78
2003-11,,,359.7,8.6,1624.41,4.43,1984.11,0.29,97.94,33.8,10734700,53.11,41.5,610.78,27.5,17.9,31.3,28.5,,96.75,4868682,,,,,,-0.97,2.36,,,,,,,,,,,,,2.95,8.1,0.4,1,2.6,1397.22,1461.94
2003-12,10,39767.4,3776.64,,1941.29,11.21,5717.93,-0.53,100.47,50.7,46955300,108.06,34.2,1135.63,28.6,18.1,49.1,47.4,,81.36,5725353,,,59,37.7,3.3,-1.21,2.12,,,,,,,,,,,,,3.19,8.58,,0.6,1.4,1497.04,1569.13
2004-01,,,-1166.01,27.1,2534.56,5.66,1368.55,0.04,96.3,19.8,,,,,,7.2,17.5,15.2,,-98.03,-24406,,,,,,-1.19,2.14,,,,,,,,,,,,,3.17,8,0.7,1.1,2.4,1590.73,1666.69
2004-02,,,-743.5,40.4,2105.46,24.14,1361.96,-0.67,96.95,39.7,,,95.6,,46.4,23.2,58.1,77,,-1264.62,-7872006,,,,,,-0.11,3.22,,,,,,,,,,,,,2.09,5.57,0.3,-0.2,0.3,1675.07,1755.43
2004-03,10.6,34544.6,-532.67,34.6,2304.17,18.1,1771.5,0.83,97.34,42.9,29629800,43.6,68,569.53,35.9,19.4,42.8,42.8,,17.93,-539928,,,52.6,44.6,2.8,-1.06,2.27,,,,,,,,,,,,,3.04,7.86,0.5,0.3,1.1,1741.62,1826.5
2004-04,,,-754.42,38.2,2854.08,21.05,2099.66,0.16,97.24,32.4,32819000,44.61,53.6,611.61,32.2,19.1,37.6,42.8,,-321.49,-2250070,,,,,,-1.82,1.51,,,,,,,,,,,,,3.8,10.16,0.5,0.5,1.1,1595.59,1673.41
2004-05,,,-453.32,22.9,2174.25,1.91,1720.93,0.41,97.57,32.8,26200200,53.29,42.9,706.38,32.2,17.5,34.1,35.4,,-6.04,2102863,,,,,,-2.39,0.94,,,,,,,,,,,,,4.37,11.81,0.6,-0.1,-0.4,1555.91,1631.66
2004-06,11.6,38700.8,146,21.9,2334.26,5.53,2480.26,-0.14,97.84,46.5,20081900,52.87,38.3,841.34,29.7,16.2,48.4,50.5,,-13.83,1843681,,,50.2,45.5,4.3,-2.99,0.34,,,,,,,,,,,,,4.97,13.96,0.6,-0.7,-1.5,1399.16,1468.84
2004-07,,,-567.69,27.2,2503.02,6.6,1935.33,0.28,98.7,33.9,18796100,51.87,31.5,748.58,28.1,15.5,34,34.2,,27.3,2031624,,,,,,-3.29,0.04,,,,,,,,,,,,,5.27,14.6,0.8,-0.2,-0.5,1386.2,1454.3
2004-08,,,309.45,16.7,1667,16.01,1976.45,-0.52,98.22,37.5,18014500,53.18,30.9,766.01,27.7,15.9,36.6,35.6,,60.71,4489598,,,,,,-3.27,0.06,,,,,,,,,,,,,5.25,13.92,1,0.7,1.8,1342.06,1408.13
2004-09,9.8,41855,547.44,5.7,1882.5,16.84,2429.94,0.18,99.31,33.1,13592600,56.31,32,806.98,27.4,16.1,27.6,22.1,,1631.2,4992125,,,51.4,38.4,10.2,-3.21,0.12,,,,,,,,,,,,,5.19,12.95,1.3,1.1,1.8,1396.7,1465.18
2004-10,,,-337.99,11.8,2255.28,13.92,1917.29,0.09,98.39,28.4,12520400,58.5,33.8,777.04,27.9,15.7,28.8,29.3,,23.67,7090305,,,,,,-2.02,1.31,,,,,,,,,,,,,4.27,10.02,1.3,0,-0.5,1320.54,1385.67
2004-11,,,716.05,11.8,1815.77,27.6,2531.82,0.48,98.01,45.9,10956700,54.62,29.7,822.7,28.7,14.8,42.4,38.5,,103.25,9895760,,,,,,-0.6,2.73,,,,,,,,,,,,,2.85,5.95,1.2,-0.3,-1.2,1340.77,1407.72
2004-12,8.8,46739.8,4927.22,,1965.87,20.55,6893.09,-0.1,100.45,32.7,47226100,132.68,28.3,1553.29,28.7,14.4,28.9,24.6,,93.46,11076453,,,53.2,34.7,12.1,-0.17,3.16,,,,,,,,,,,,,2.42,4.9,,0.1,0.4,1266.5,1330.18
2005-01,,,-1549.43,22.5,3105.01,13.67,1555.58,1.04,97.68,42.1,,,,,,20.9,33,23.9,,-26708.35,6494033,,,,,,0.34,3.67,54.7,50.7,48.5,50.1,63.7,54.3,59,46.6,46.6,58.3,60.7,57.6,1.91,4.04,0.8,0.6,1.6,1191.82,1251.14
2005-02,,,-684.78,2.5,2157.61,8.14,1472.83,0.29,96.96,30,,,31.2,,26.7,7.6,10.7,-5,,-155.35,4356942,,,,,,-1.7,1.63,54.5,50.6,49.7,47.8,64.8,55.2,60,47.4,49.8,59.9,61.5,55.6,3.95,8.8,1.4,1.8,4.9,1306,1370.97
2005-03,11.1,40453.3,-339.63,9.4,2520.57,23.11,2180.94,-0.01,97.51,32.8,132590900,52.82,23.8,729.99,26.6,15.1,25.7,18.6,,-1161.81,5733007,,,46.3,50.8,2.9,-0.44,2.89,57.9,50.2,51.7,47.7,71.5,56.9,62.8,46.9,50.6,63.9,63.5,65.2,2.69,5.58,1.2,-0.9,-1.9,1181.24,1239.27
2005-04,,,-897.81,14.9,3278.67,13.39,2380.86,0.47,97.9,31.9,44766400,54.57,25,723.93,24,16,23.9,16.2,,-304.04,4591076,,,,,,0.42,3.75,56.7,50.4,51.8,48.4,65.2,54.2,61,46.5,50.9,60.3,61.3,62.7,1.83,3.08,1.2,-0.3,-1.3,1159.15,1216.2
2005-05,,,-484.04,14,2479.18,15.93,1995.14,0.14,97.59,30.3,23265000,58.2,20.6,847.14,21.8,16.6,22.8,15,,327.44,8988384,,,,,,0.49,3.82,52.9,50.5,50,45.2,53.5,49.4,54.1,45.8,47.9,58.2,55.6,57,1.76,2.81,1.2,-0.2,-0.7,1060.74,1113.29
2005-06,11.1,44793.1,-14.25,22.1,2850.28,14.34,2836.03,-0.05,97.77,30.6,-24633700,65.61,19.1,1043.19,21.3,16.8,23,15.1,,424.91,9677623,,,52,43.5,4.5,0.65,3.98,51.7,50.7,49.9,44.2,49.8,49.8,53.2,48.1,48.4,56.1,53.4,55.7,1.6,2.1,1.3,-0.82,-2.2,1080.94,1135.12
2005-07,,,-728.27,18.6,2967.53,15.7,2239.26,0.16,98.65,28.7,26320000,66.3,19.2,941.91,22.2,16.1,20.7,12.4,,419.08,10545746,,,,,,0.45,3.78,51.1,51.7,50.8,43.7,50.6,50.9,51.3,46.6,46.4,52.8,53.2,53.3,1.8,2.32,1.5,0,-0.3,1083.03,1138.69
2005-08,,,356.66,23.4,2056.61,22.1,2413.27,-0.51,98.28,33.2,19931200,65.95,19.3,920.77,21.5,16,28.6,23.5,,135.94,10592915,,,,,,0.99,4.32,52.6,51.1,51.8,44.3,53.7,49.1,53.3,44.2,47.7,52.9,55,55.8,1.26,0.87,1.5,0.2,0.4,1162.8,1222.16
2005-09,10.8,48047.8,523.79,25,2352.24,18.36,2876.03,-0.93,98.31,25.9,17589600,70.05,19.6,1000.19,21.5,16.5,24.7,23.5,,51.49,7562385,,,50,43.9,6.2,1.37,4.7,55.1,51.5,51.3,48,52.8,54.3,58.1,45.8,49.4,57.2,58.4,61,0.88,0.35,1.2,0.73,1.3,1155.61,1214.01
2005-10,,,-764.55,30.9,2952.5,14.12,2187.95,-0.47,98.08,29.7,15977100,62.63,18.1,988.83,21.9,16.1,26.8,23.4,,69.47,12015991,,,,,,1.03,4.36,54.1,52,50.1,45.5,50.8,52,58.4,46.2,48.4,55.1,58.1,59.7,1.22,1.32,1.2,0.4,0.4,1092.82,1148.88
2005-11,,,967.04,22.3,2221.35,25.93,3188.39,-0.13,97.81,18.6,20122500,69.68,21.4,994.33,22.3,16.6,19.7,21,,6.41,10530546,,,,,,0.94,4.27,54.1,52.4,50.9,46.4,47.9,51.7,55.6,44.8,48.1,57.6,58,58.8,1.31,1.58,1.2,-0.3,-0.9,1099.26,1155.49
2005-12,12.4,54024.8,5896.3,,2707.65,24.82,8603.95,0.11,100.06,18.2,48953700,107.33,13.4,1775.04,21.9,16.5,20,22.2,,-0.54,11016344,,,52.8,40.5,6.7,0.69,4.02,54.3,52.8,50.4,48.1,49.5,50.9,57,44.7,48.8,56.4,58.9,58.7,1.56,2.24,1.2,0.4,1,1161.06,1220.93
2006-01,,,-1643.1,24.7,3870.98,43.22,2227.88,,,28.1,,,,,,12.6,26.8,25.4,,46.16,9491987,,,,,,0.36,3.69,52.1,50.6,48.8,47.4,54,49.7,55.3,44.6,46,50.4,55.7,53.9,1.89,3.65,1,1.3,3.2,1258.05,1318.91
2006-02,,,-974.93,17.5,2534.6,5.9,1559.67,0.3,97.31,22.2,,,6.6,,22.5,20.1,25.7,29.5,,-44.35,2424576,,,,,,1.39,4.72,52.1,50.2,50.3,45.7,55.4,50.8,54.8,45.9,48.7,53.8,55.7,53.2,0.86,1.18,0.7,0.5,1.8,1299.03,1362.54
2006-03,12.5,47078.9,-390.28,14.8,2894.38,14.82,2504.1,-0.32,97.33,28.3,102163500,49.89,1.2,903.81,23.1,17.8,24.9,21.1,,95.16,11188705,11.69,2236.43,47.6,50,2.4,1.45,4.78,55.3,50.8,51.4,48.9,55.1,55.5,59.1,46.8,53.4,58.7,60.7,58.2,0.8,0.83,0.8,-0.9,-2,1298.3,1361.33
2006-04,,,-1542,30.3,4270.52,14.6,2728.52,0.19,98.04,23.9,44553200,62.61,5.5,947.79,25.6,16.6,19.8,15.3,,127.76,10456822,13.32,2204.44,,,,1.04,4.64,58.1,50.9,50.5,47.9,63.3,57,62.7,44.8,51.8,61.7,65.1,65.1,1.21,1.84,0.9,0.1,0,1440.22,1511.71
2006-05,,,-894.18,23.4,3060.48,8.58,2166.3,0.22,97.75,25.1,38454400,80.07,13.5,1056.95,25.4,17.9,23.6,21.7,,44.68,13004151,13.57,2262.64,,,,0.87,4.47,54.8,51.8,50.1,45.6,63.4,54.8,57.5,42.9,50.9,58.9,61,58.7,1.38,1.95,1.1,-0.1,-0.6,1641.3,1724.34
2006-06,13.7,52673.3,39.69,18.4,3374.93,20.4,3414.62,-0.38,97.58,23.3,34890300,82.76,16.3,1425.64,28.2,19.5,21.3,18.9,,49.86,14502919,14.74,2375.32,53.2,43.2,3.6,0.74,4.34,54.1,50.6,50.8,46.6,64.1,51.5,53.9,46.8,50.6,58,57.3,58.7,1.51,2.15,1.2,1.5,-1.4,1672.21,1758.06
2006-07,,,-1519.03,36.3,4043.8,12.75,2524.77,-0.32,98.29,22.6,10096500,67.21,13.6,1257.49,29.2,16.7,21.3,19.7,,38.67,14623639,15.01,2602.83,,,,1.22,4.82,52.4,51.5,51.3,46.8,60,50.4,52.1,48,48,55.2,54.4,55.5,1.03,0.62,1.2,1,-1.3,1612.73,1695.15
2006-08,,,-90.94,31.1,2695.86,7.94,2604.92,0.67,98.74,32.8,19521300,86.19,16.2,1186.52,29.2,15.7,29,24.6,,77.44,18796104,,2340.09,,,,1.2,4.8,53.1,51.8,50.9,45.1,59.7,49.6,54.9,44.5,50,55,57.3,56,1.32,1.41,1.3,0.3,0.9,1658.64,1743.71
2006-09,12.2,56064.7,549.41,22.3,2876.76,19.13,3426.17,-0.09,98.37,30.6,31618700,79.28,15.8,1314.42,29.5,16.1,26.6,22,,102.15,15287014,13.69,2425.76,50,44.8,5.2,1.01,4.61,57,52.6,52.9,50.1,56.7,54.8,61.7,44.7,53.2,60.2,62.7,62,1.51,2.43,1.1,0.53,1.4,1752.42,1840.31
2006-10,,,-1130.06,28.7,3800.62,22.06,2670.56,0.61,98.44,29.6,18053300,99.47,20.6,1192.13,28.4,14.7,22.9,14.7,,98.32,23829854,17.4,2427.84,,,,1.11,4.71,54.7,52.2,51.5,47.8,53.5,52,58.3,44,49.6,57.4,59.7,58.2,1.41,2.22,1,0.1,-0.4,1837.99,1931.17
2006-11,,,1123.05,19.8,2660.66,18.67,3783.71,0.34,97.72,32.8,11595500,81.56,20.2,1281.05,28.4,14.9,26.1,18.3,,117.73,22928009,14.96,2444.9,,,,0.64,4.24,55.3,51.9,50.5,48.8,55.3,52,59.9,45.2,49.5,57.1,59.6,61,1.88,3.68,1,0.3,0.9,2099.29,2206.09
2006-12,12.5,63621.6,8134.93,20.7,2676.5,25.66,10811.43,0.01,100.2,24.8,41638600,163.27,21,2062.09,25.3,14.7,19.6,13.5,,90.6,20997305,,3740.51,47.9,46.3,5.9,-0.29,3.31,54.8,52,51,49.5,57.5,52.4,56.9,46.5,50.3,55,58.9,59.2,2.81,6.28,1.1,1.4,3.8,2675.47,2815.13
2007-01,,,-3325.15,34.23,5196.01,-16.03,1870.86,,,33,,,,,,,30.5,27.5,,67.3,15880532,,2642.47,,,,0.35,3.95,55.1,52.6,50.1,50.6,55.4,55,59.7,45.5,52,55.2,59.6,60.3,2.17,5.02,0.75,0.7,2,2786.34,2927.82
2007-02,,,-501.83,20.16,3045.54,63.09,2543.71,-0.53,96.77,51.7,,,19.5,,29.9,12.6,32.9,13.1,,879.81,23756232,5.92,2034.8,,,,-0.19,3.41,53.1,50.6,48.5,47.4,55.9,51.6,57.6,44,49.1,53,57.1,56.6,2.71,6.02,1.04,1,2.7,2881.07,3025.75
2007-03,13.8,57159.3,-667.89,22.38,3542.07,14.78,2874.18,0.46,97.81,6.9,80404100,63.84,23,1184.54,30.4,17.6,10.4,14.5,,-38.59,6871440,11.93,2519.53,49.1,49,1.9,-0.49,3.11,56.1,51.7,51.9,50.8,58.3,56.4,60.5,45.8,55.1,61.5,60.8,60.7,3.28,7.72,1.07,-0.3,-0.4,3183.98,3346.35
2007-04,,,-2611.94,36.57,5832.41,18.03,3220.47,0.42,98.37,26.8,18787600,105.12,38.3,1195.96,29,17.4,24.3,21.3,,61.1,16845747,16.61,2564.74,,,,-0.24,3.36,58.6,51.9,52.4,50.3,64.9,56.3,63.4,46.8,53.3,62.3,65.1,65.5,3.03,7.05,1.03,-0.1,-0.6,3841.27,4035.09
2007-05,,,-1185.3,34.21,4107.5,34.89,2922.2,0.12,98,28.7,41625500,88.7,30,1384.33,29.5,18.1,24.4,19.1,,72.82,22474220,17.7,2661.91,,,,-0.33,3.18,55.7,51.8,51.3,49.1,65.9,51.5,58.5,44.5,51.5,57.7,60.4,60.9,3.39,8.28,0.97,0.29,0.6,4109.65,4309.97
2007-06,15,64781.6,94.26,30.2,4394.31,31.45,4488.57,-0.12,97.63,27.1,57185500,97.41,27,1912.61,30.8,19.4,21.3,14.2,,85.55,26910069,14.57,2727.88,52.7,45.1,2.3,-1.3,2.21,54.5,52,51.3,49.1,62.8,53.6,56.7,47.3,50.3,55,57.4,59.7,4.36,11.34,0.96,0.4,1.3,3820.7,4009.97
2007-07,,,-1975.76,28.9,5212.32,28.19,3236.56,-0.03,98.42,34.2,25854200,90.48,28.3,1638.84,30.7,18,30.9,26.8,,66.56,24356915,15.81,3006.18,,,,-2.29,1.22,53.3,51.2,51.1,50.4,58.9,50.4,54.1,47.5,48.8,53.5,56,55.7,5.62,15.44,0.91,0.9,2.4,4471.03,4689.08
2007-08,,,-68.75,29.66,3495.42,31.55,3426.67,-0.28,98.52,22.7,23504100,93.67,24.9,1566.98,30.9,17.5,21.6,20.1,,32.87,24974077,13.31,3039.03,,,,-2.92,0.5,54,51.1,52.1,50.3,63,52.3,56.1,45.7,48.9,55.2,56.3,57.1,6.52,18.19,0.89,1.2,3.3,5218.82,5480.11
2007-09,14.3,69482.1,341.79,42.22,4091.32,29.39,4433.11,-0.28,98.24,22.7,32019900,103.74,25.7,1889.3,32.8,18.9,19.7,16.1,,55.73,23805843,13.74,2756.31,49.3,47.1,3.6,-2.37,1.05,56.1,51.7,51.8,48.4,65.6,53.7,59.6,47.4,51.3,55.1,60.7,61.7,6.24,16.86,1.06,0.3,0.3,5552.3,5827.66
2007-10,,,-1786.87,40.69,5347.12,33.31,3560.25,0.04,98.3,22.3,74620300,100.15,22,1675.79,33.7,17.9,23.6,25.5,,13.52,27050656,13.61,2766.12,,,,-2.63,0.79,53.2,51.6,52.1,48.5,66.1,51.6,56.2,47.6,51.2,53.6,56.4,54.9,6.5,17.6,1.1,0.3,0.2,5954.76,6251.53
2007-11,,,595.09,47.07,3913.1,19.15,4508.19,0.24,98.06,22.7,-10359600,95.04,21.4,1714.11,33.7,17.3,23.8,25.3,,14.63,26281250,14.34,2801.57,,,,-3.07,0.35,55.4,51.6,51.2,50.4,70.1,53.3,59.4,48.6,51.3,53.8,59.4,60.1,6.94,18.21,1.44,0.7,1.4,4871.78,5112.13
2007-12,13.9,78669.3,9551.52,-2.9,3144.83,17.43,12696.35,-0.83,99.67,21.6,60239100,114.14,11.7,2570.36,32.1,17.4,23.3,25.5,,8.05,22687005,-18.9,3033.66,49.1,48.1,2.8,-2.37,0.96,55.3,52.4,51.6,50.7,69,54.3,58.7,47.2,49.4,54.3,59.6,59.5,6.51,16.7,1.4,1,2.5,5261.56,5521.49
2008-01,,,-4382.56,42.35,7396.64,61.11,3014.08,,,26.6,,,,,,,27.1,27.6,,22.58,19465583,9.44,2891.97,,,,-2.94,0.39,53,49.7,49.7,49.2,67.7,51.3,56.9,48.4,48.6,49,55.2,56.1,7.08,18.17,1.54,1.2,3.3,4383.39,4600.12
2008-02,,,-1475.95,36.55,4158.8,5.47,2682.85,1.09,97.76,6.5,,,13,,30.7,15.4,18.4,35.1,,-63.99,8554663,15.3,2347.41,,,,-4.6,-1.27,53.4,46.5,49.8,45.1,70.1,50.7,54.6,47.3,50.9,51.3,56.9,55.4,8.74,23.25,1.58,2.6,7.1,4348.54,4562.78
2008-03,11.5,69373.6,-606.19,24.67,4416,32.55,3809.81,0.14,98.02,30.6,141636100,69.47,11.2,1647.03,34.7,17.8,27.8,24.6,,95.11,13406749,14.42,2886.65,50.9,47.7,1.3,-4.17,-0.84,58.4,50.5,53.4,50.8,74.6,57.5,64,47.3,54.6,59.1,63.8,64.1,8.31,21.45,1.79,-0.7,-1.8,3472.71,3643.24
2008-04,,,-2746.46,17.02,6824.9,26.64,4078.44,-0.53,97.77,21.8,79581000,74.52,-5.5,1627.89,35.2,15.7,23.9,26.4,,-1,16677348,11.68,2858.15,,,,-4.34,-1.01,59.2,51,52.9,51.2,75.1,56.1,64.6,47.2,53.4,58.9,65,66.5,8.48,22.1,1.76,0.1,-0.09,3693.11,3875.22
2008-05,,,-2243.55,52.6,6268.18,37.73,4024.63,0.08,97.96,28.1,58088000,91.82,-3.2,1861.88,35,16,33.2,40,,-10.07,20210429,11.11,2958.58,,,,-3.58,-0.25,53.3,48.8,51.2,48.1,73.9,50.3,53.7,48.7,49.3,53.4,55.4,55.7,7.72,19.87,1.66,-0.4,-1.3,3433.35,3602.66
2008-06,10.9,78711.8,-471.59,30.71,5743.8,17.46,5272.21,-0.07,97.52,17.2,73719400,108.61,0.1,2690.83,36.6,16,23.1,31,,-21.96,20999618,8.35,2956.8,52.5,44.6,2.9,-2.94,0.39,52,47.8,50.3,47.8,75.7,50.9,53.5,49.5,47.1,50.2,52.6,54.2,7.08,17.29,1.92,-0.2,-0.8,2736.1,2869.94
2008-07,,,-1512.06,16.52,6073.5,40.93,4561.44,-0.23,98.1,26.9,30930600,93.97,0.7,1989.09,33.7,14.7,29.8,33.7,,3.78,25277899,7.74,3225.28,,,,-2.16,1.17,48.4,48.5,50.6,48,71.3,45.4,47.1,47.8,45.4,46.7,46.2,47.4,6.3,14.42,2.13,0.1,-0.1,2775.72,2911.65
2008-08,,,187.84,10.08,3847.9,17.77,4035.74,-0.81,97.75,21.1,30005200,90.25,0.1,1898.63,31.7,12.8,22,23.1,,14.9,28694182,5.38,3197.51,,,,-0.76,2.57,48.4,49.5,50.7,46.8,57.8,45.3,46.9,49,45.4,48.4,46,48.7,4.9,10.28,2.1,-0.1,-0.4,2397.37,2516.78
2008-09,9.5,82460.1,731.72,3.08,4217.22,11.64,4948.94,-0.55,97.62,21.5,31828800,92.79,-1.4,2123.51,28.7,11.4,21.4,21.3,,23.36,29366814,6.16,2935.62,46.5,46.7,6.7,-0.5,2.56,51.2,50.8,50.3,47.5,44.7,46.4,50.8,50.5,47.3,48.8,51.3,54.6,4.64,9.7,2,0,-0.3,2293.78,2408.88
2008-10,,,-1185.78,-0.34,5328.95,16.37,4143.17,-0.78,97.37,19.2,29093100,98.05,-1.5,1974.04,27.4,8.2,17.6,15.6,,30.27,35239342,-2.18,2704.43,,,,-0.37,2.69,44.6,50.8,47,42.6,32.3,39.4,42.4,51.4,40.7,41.4,41.7,44.3,3.97,8.51,1.59,-0.3,-0.9,1728.79,1816.31
2008-11,,,1461.63,-3.08,3792.4,16.54,5254.03,-0.95,97.03,-2.2,34523100,107.97,0,1850.31,25.2,5.4,-9,-17.9,,52.54,40089815,-8.14,2573.35,,,,0.09,3.15,38.8,50.7,44.3,39.5,26.6,32.2,34.2,50.8,36,29,32.3,35.5,2.43,5.93,0.59,-0.8,-1,1871.16,1965.19
2008-12,7.1,88699,13353,3.3,3248.69,30.76,16601.69,-0.68,98.69,-2.8,75921500,188.43,7.4,2748.6,22.6,5.7,-11.1,-21.3,,71.82,38980036,-9.78,2737.11,42.9,45.5,11.6,1.05,4.11,41.2,50.4,43.3,40.6,32.7,33.3,36.2,44.7,35.8,30.7,37.3,39.4,1.2,4.17,-0.32,-0.24,0.77,1820.8,1911.79
2009-01,,,-2138.16,-17.1,6131.61,32.49,3993.45,,,-17.5,,,,,,,-29,-43.1,,100.92,39109336,-13.15,2511.64,,,,1.3,4.36,45.3,50.6,43,43.9,41.5,39.9,44.3,43.5,39.2,33.7,45,45.5,0.95,4.21,-0.65,0.94,3.3,1990.66,2089.9
2009-02,,,-298.15,-1.22,4108.23,42.02,3810.08,-0.9,97.25,-25.7,,,17.9,,0.8,11,-24.9,-24.1,,-43.41,4840991,4.39,2460.54,,,,3.81,6.87,49,51.3,46.1,45.6,46.5,41.8,49.5,47.7,44.2,43.4,50.4,51.2,-1.56,-1.91,-1.2,0.02,0.8,2082.85,2186.63
2009-03,6.4,73979.2,605.18,-0.31,4402.21,31.43,5007.39,-1.1,96.9,-17.1,162155400,98.39,27.9,1739.39,3.2,8.3,-20.9,-25.1,,38.45,18561435,-2.01,2833.89,42.2,54.6,3.2,3.42,6.48,52.4,51.3,48.6,47.5,48.3,48.8,54,46.7,48.8,47.5,54.6,56.9,-1.17,-0.67,-1.3,-0.35,-0.6,2373.21,2490.71
2009-04,,,-819.1,-13.59,5897.15,24.51,5078.05,0.1,97.83,-22.6,78779700,78.66,20.9,1692.35,3.4,7.3,-22.8,-23,,-21.24,13135035,-3.63,2756.72,,,,3.75,6.81,53.5,50.6,50.3,46.9,51.3,50,56.2,44.8,48.9,49.1,56.6,57.4,-1.5,-1.33,-1.48,-0.23,-0.76,2477.57,2600.61
2009-05,,,-1961.46,4.81,6569.47,14.5,4608.01,-0.49,97.34,-26.4,68971400,96.8,16.6,1990.5,4.4,8.9,-25.9,-25.2,,-33.75,13388530,-2.57,2877.99,,,,3.62,6.68,53.1,50.2,49.9,46.1,53.1,49.4,55.8,46.2,48.8,50.1,56.2,56.9,-1.37,-0.65,-1.66,-0.29,-0.58,2632.93,2763.54
2009-06,8.2,83865.8,-461.89,19.56,6867.47,21.5,6405.58,-0.3,97.26,-21.3,104749600,143.04,20.4,3083.27,7.3,10.7,-17.6,-13.2,,-60.3,8335934,4.3,3083.34,50,46.5,3.5,3.95,7.01,53.2,50.1,50.1,47.4,57.8,49.9,55.6,45,46.7,51.4,55.5,57.1,-1.7,-1.09,-1.93,-0.48,-1.3,2959.36,3106.59
2009-07,,,-1710.24,10.25,6695.91,9.3,4985.67,-0.03,97.94,-23,46501400,132.37,24,2238.36,8.2,10.8,-19.4,-14.9,12.14,-57.95,10629657,6,3420,,,,4.06,7.12,53.3,50.8,50.8,48.1,59.9,48.9,55.7,45.6,47.2,52.1,55.5,57.3,-1.81,-1.18,-2.09,0.01,-0.22,3412.06,3581.86
2009-08,,,-500.35,36.11,5237.47,17.38,4737.12,-0.01,97.66,-23.4,42126600,142.97,28.9,2418.46,10.9,12.3,-20.6,-17,13.28,-45.24,15711775,8.22,3462,,,,3.45,6.51,54,50.4,51.4,48.8,62.6,51.3,58.1,46.5,48.9,52.1,56.3,57.9,-1.2,0.53,-2.04,0.48,1.3,2667.74,2799.48
2009-09,10.6,89846.9,968.08,33.01,5609.35,32.91,6577.43,0.1,97.7,-15.2,51496900,150.81,33.3,2733.77,13.4,13.9,-10.1,-3.5,14.43,-55.96,12932123,10.24,3224,52.3,43.4,4.3,3.04,6.1,54.3,51,53.2,47.9,57.5,50.7,58.4,46,48.5,53.3,56.8,58,-0.79,1.47,-1.89,0.45,0.7,2779.43,2916.73
2009-10,,,-2161.67,28.45,6844.93,13.04,4683.26,0.51,98.02,-13.8,45493100,128.76,33.1,2370.08,14.1,16.1,-10.7,-6.4,19.1,-31.93,23987634,15.87,3134,,,,2.78,5.84,55.2,50.7,52.4,49,56.9,52.8,59,43.4,50,54.5,58.5,59.3,-0.53,1.58,-1.57,-0.08,-0.8,2995.85,3143.88
2009-11,,,1320.63,32.62,5029.3,20.86,6349.93,0.85,97.82,-1.2,33173500,120.35,30.5,2420.46,15.7,19.2,9.8,26.7,27.63,-52.37,19092998,27.63,3284,,,,1.69,4.75,55.2,50.4,51.1,51.4,63.4,52.2,58.2,45.4,50.9,53.6,58.4,59.4,0.56,3.16,-0.73,0.33,0.5,3195.3,3351.49
2009-12,11.9,100825.8,14554,55.8,5084,18.29,19638,0.86,99.33,17.7,97275900,173.06,18.1,3249.75,14.2,18.5,32.7,55.9,,-52.72,18430168,10.54,2721,58.2,37.4,4.4,0.39,3.45,56.6,50.8,52.2,51.4,66.7,52.5,61,47.1,52.4,52.6,61,61.4,1.86,5.31,0.18,1.04,2.87,3277.14,3437.46
2010-01,,,-5192.86,41.21,8658.66,-13.21,3465.8,,,21,,,,,,,44.4,85.5,33.22,-63.77,14168252,40.14,3531,,,,0.72,3.78,55.8,51,50.6,52.2,68.5,53.4,60.5,47.3,49.9,53.2,59.9,60.5,1.53,3.72,0.46,0.62,1.79,2989.29,3134.75
2010-02,,,-4.76,20.37,4944.97,29.66,4940.21,-0.2,96.9,45.7,,,32.2,,32.8,12.8,45.2,44.7,18.73,57.25,7612381,10.54,2721,,,,-0.45,2.61,52,49.7,49.9,48.1,61.1,49.1,51.9,47.3,47.1,50.3,53.7,54.3,2.7,6.24,1,1.17,3.26,3051.94,3200.05
2010-03,12.2,87501.3,-99.49,36.83,6023.44,18.3,5923.95,0.9,97.8,24.3,123618700,154.21,43.6,2318.41,33,18.1,42.8,66,21.07,-138.99,-7236299,21.04,3435,58.6,39.7,1.7,-0.12,2.94,55.1,50.5,52.9,50.6,65.1,53.7,58.1,48.3,52,54.5,58.1,58.4,2.37,5.24,1,-0.66,-1.52,3109.1,3260
2010-04,,,-2350.11,34.4,7925.66,9.8,5575.55,0.6,98.4,30.5,83533100,143.51,54.2,2302.65,34,17.8,39.4,49.7,21.43,-87.2,1681204,23.08,3394,,,,-0.56,2.5,55.7,51.1,53.2,51.5,72.6,53.1,60.1,46.2,53.4,54.5,59.3,59.1,2.81,5.95,1.3,0.2,-0.09,2870.61,3009.37
2010-05,,,-2130.96,20.52,7917.66,25.58,5786.7,0.3,97.6,48.5,77413000,144.6,53,2788.7,35.7,16.5,48.4,48.3,20.05,45.89,19532914,20.8,3480,,,,-0.81,2.25,53.9,50.9,52.1,51,58.9,50.9,56,49.8,49.7,53.8,54.8,58.2,3.06,6.07,1.6,-0.07,-0.47,2592.15,2718.42
2010-06,10.8,99347.4,239.75,14.74,7879.4,26.75,8119.15,0.3,97.5,43.9,109782900,254.43,59.7,4049.11,34.4,13.7,39.2,34.1,15.19,140.19,20021852,14.14,3520,59.2,38.4,2.4,-0.7,2.36,52.1,50,50.6,49.4,51.3,50.4,53.5,51.3,47.4,51.7,52.1,55.8,2.95,5.7,1.6,-0.56,-1.62,2398.37,2514.16
2010-07,,,-1972.31,16.24,7783.18,16.55,5810.87,0.2,98.1,38.1,58821700,136.71,48.4,3016.51,34.5,13.4,30.8,22.7,14.8,170.29,28730388,13.94,3896,,,,-1.05,2.01,51.2,49.9,52.2,47.8,50.4,49.3,52.2,49.9,46.8,51.2,50.9,52.7,3.3,6.83,1.6,0.36,0.89,2637.5,2764.36
2010-08,,,794.34,7.29,5619.35,35.39,6413.69,0.5,98.2,34.4,63484300,150.88,40.8,3167.38,33.9,13.9,34.7,35.2,14.12,27.52,20036078,14.69,3975,,,,-1.23,1.83,51.7,50.7,51.7,47.3,60.5,48.4,51.9,46.9,48.2,52.2,53.1,53.1,3.48,7.5,1.5,0.65,1.96,2638.8,2764.6
2010-09,9.9,105963.7,2181.85,12.08,6287.19,28.76,8469.04,0.3,98,25.1,78027100,166.82,36,3635.87,33.8,13.3,24.7,24.1,10.54,30.49,16874981,5.36,3498,55.6,39.9,4.5,-1.36,1.7,53.8,50.4,52.4,49.1,65.3,52.9,56.2,45,50.9,52.7,56.3,56.4,3.61,8.05,1.4,0.57,1.2,2655.66,2782.02
2010-10,,,-1372.01,14.83,7860.31,38.54,6488.3,-0.3,97.8,22.9,69442800,146.61,33.4,3170.87,33.8,13.1,24,25.3,11.44,13.17,27145718,5.41,3400,,,,-1.87,1.19,54.7,49.3,52.1,49.5,69.9,52.8,58.3,45.7,50.2,52.6,58.2,57.1,4.37,10.06,1.6,0.65,1.05,2978.84,3120.8
2010-11,,,4758.95,16.13,5840.69,66.93,10599.64,-0.4,97.5,34.9,56729500,169.47,34.1,3338.7,34.2,13.3,36.2,37.7,13.22,19.89,22889817,10.14,3460,,,,-2.62,0.44,55.2,48.9,52,49.7,73.5,50.6,57.4,47.7,50.5,53.2,58.3,58.5,5.12,11.7,1.9,1.05,1.99,2820.18,2953.32
2010-12,9.9,119306.8,11642,24.7,6340,-10.4,17982,-0.6,98.9,17.9,73799900,190.15,31.2,4016.51,32.9,13.5,21.4,25.6,10.11,-29.03,13080062,15.82,3625,56.3,38.1,5.6,-1.84,1.22,53.9,49.6,51.5,50.8,66.7,50.4,56.8,48.7,50.7,53.5,55.4,57.5,4.59,9.6,2.1,0.53,0.9,2808.08,2940.24
2011-01,,,-5088.56,32.78,11497.38,84.92,6408.82,,,37.7,,,,,,,43.9,51,,-54.4,6460941,,3889,,,,-2.16,0.9,52.9,49.5,49,52,69.3,53,57.7,47.9,46.5,50.7,54.9,55.3,4.91,10.34,2.6,1.04,2.78,2790.69,2921.82
2011-02,,,-2922.26,41.5,6997.01,-17.52,4074.75,1,97.9,2.4,,,29.6,,34.9,14.9,10.6,19.5,12.7,-196.26,-7327837,15.82,3136,,,,-1.94,1.12,52.2,48.2,48.9,49.5,70.1,53.9,54.5,46.4,46.6,50.9,54.3,53.8,4.94,11,2.3,1.24,3.71,2905.05,3041.77
2011-03,10.2,104469.9,-61.35,26.69,7631.35,27.79,7570,-0.1,97.8,35.8,126774409,168.11,19.1,3239.43,37.4,14.8,31.4,27.28,12.68,-101.92,138763,13.41,3888,49.8,48.5,1.7,-2.38,0.68,53.4,50.4,51.8,51.6,68.3,52,54.1,51.3,51.4,52.5,55.2,55.7,5.38,11.7,2.7,-0.21,-1,2928.11,3065.92
2011-04,,,-2777.61,27.21,10082.06,31.01,7304.45,0,98.4,29.9,85289361,179.2,21,3244.19,38.6,13.4,25.9,21.85,11.19,579.33,11421003,11.23,3768,,,,-2.09,0.97,52.9,50.6,51.8,52,66.2,50.6,53.8,50.8,50.7,51.3,53.8,55.3,5.34,11.47,2.7,0.14,-0.42,2911.51,3049.19
2011-05,,,-2344.26,34.03,10612.26,42.88,8268,0.4,98.1,19.4,104256906,207.52,26.5,3793.1,37.8,13.3,23.5,28.43,11.22,-33.21,13046968,10.79,3865,,,,-2.26,0.8,52,49.9,50.9,49.5,60.3,50.5,53.6,50,47.7,51.1,52.1,54.9,5.51,11.7,2.9,0.07,-0.27,2743.47,2873.06
2011-06,10,118895.9,753.36,27.62,10055.76,33.13,10809.12,0,97.6,17.9,119263580,319.78,26.2,5350.26,36.1,15.1,18.5,19.26,11.98,11.24,22272576,13,3965,52.5,45.4,2.1,-3.11,-0.05,50.9,49.8,50.2,48.5,56.7,48.7,51.5,51,45.9,50.5,50.8,53.1,6.36,14.4,3,0.28,0.88,2762.08,2893.53
2011-07,,,-2914.18,26.74,9864.1,19.6,6949.92,0.2,98.5,20.4,74145085,218.07,30.9,4148.71,36.4,14,21.5,22.9,11.47,9.58,31483609,11.81,4349,,,,-2.95,0.11,50.7,50.3,50.5,47.6,56.3,49.1,52,49.2,46.5,50.4,51.1,52.1,6.45,14.76,2.9,0.46,1.17,2701.73,2829.47
2011-08,,,530.59,34.29,7546.37,25.93,8076.96,-0.2,98.2,24.5,73760283,221.64,33,4328.6,36.4,13.5,27.1,30.2,10.32,-11.37,17758958,9.1,4343,,,,-2.65,0.41,50.9,49.9,50.4,48.8,57.2,49.7,51.2,48.9,47.6,48.3,51.1,52.3,6.15,13.39,3,0.31,0.58,2567.34,2689.08
2011-09,9.4,126562.2,2641.5,17.33,7377.05,18.3,10018.55,-0.3,97.8,17.1,83205165,234.32,34,4669.79,35.2,13.8,18.9,20.9,12.93,-13.99,14513932,12.17,3915,52.5,42.6,4.8,-2.57,0.49,51.2,49.5,51,49,56.6,50.1,51.5,49.9,48.9,50.9,51.3,52.7,6.07,13.4,2.9,0.47,1.14,2359.22,2471.1
2011-10,,,-1109.31,16.9,9188.34,24.52,8079.03,-0.3,97.8,15.9,49960678,287.35,40.2,4044.35,34.3,13.2,21.6,28.7,11.8,-37.25,17033074,11.35,3797,,,,-2,1.06,50.4,50.7,49.7,48.5,46.2,47,50.7,50.3,46,48.6,50.5,52.3,5.5,11.93,2.7,0.09,-0.18,2468.25,2585.1
2011-11,,,4938.86,10.56,6457.32,7.51,11396.18,-0.2,97.5,13.8,73896053,249.09,41,4024.52,32.8,12.4,17.6,22.1,10.56,-36.53,14528128,9.91,3836,,,,-0.72,2.34,49,50.4,49,46.7,44.4,47.3,49.8,53.1,45.2,45.6,47.8,50.9,4.22,8.8,2.2,-0.19,-0.79,2333.41,2444.45
2011-12,8.8,138012.1,13543.22,1.44,6431,11.08,19974.22,-0.6,98.8,13.4,50010272,265.15,40.7,4451.79,30.2,12.8,12.6,11.8,,26.3,16520762,-6.56,3634,53.1,39.5,7.4,-0.57,2.49,50.3,50.1,48.7,48.3,47.1,49.1,50.9,50.6,46.6,48.6,49.8,53.4,4.07,9.06,1.9,0.31,1.17,2199.42,2304.12
2012-01,,,-5885.78,12.31,12912.58,9.64,7026.8,,,-0.5,,,,,,,-7.8,-15.3,,322.2,27277886,,3634,,,,-1.05,2.01,50.5,49.7,47.1,49.7,50,46.9,50.2,48,43.2,46.9,50.4,53.6,4.55,10.51,1.83,1.5,4.17,2292.61,2401.87
2012-02,,,-1108.36,14.42,8005.7,69.27,6897.34,0.1,97.7,18.4,,,31,,23.2,21.3,29.4,39.6,16.13,329.64,-31483000,22.9,3863,,,,0.34,3.4,51,50.3,49.5,48.8,54,50.8,53.6,50.5,49.4,51.1,51,53.8,3.16,6.2,1.73,-0.11,-0.34,2428.49,2543.89
2012-03,8.1,117357.6,1135.94,18.7,9057.97,34.66,10193.91,-0.6,97.3,8.9,80082687,265,43.4,3729.64,19,11.9,7.1,5.3,7.84,3753.55,5347301,7,4160,53,44.7,2.3,-0.09,2.97,53.1,48.9,51,49.5,55.9,51.5,54.8,50.8,50.5,51.9,55.1,55.2,3.59,7.5,1.76,0.2,0.21,2262.79,2370.07
2012-04,,,-2888.22,6.9,10774,7.96,7885.78,-0.5,98.1,4.9,76081211,222.98,37.1,3375.2,13.9,9.3,2.7,0.3,7.33,61.34,18427188,3.74,3899,,,,0.13,3.19,53.3,49.6,51,48.5,54.8,50.5,54.4,49.5,48.4,52.2,54.5,57.2,3.37,6.95,1.7,-0.07,-0.92,2396.32,2509.71
2012-05,,,-2839.8,13.1,12004.77,10.85,9164.97,-0.4,97.9,15.3,116970988,341.13,44.7,4279.38,13.6,9.6,14.1,12.7,7.86,43.32,18699322,5.2,4061,,,,0.5,3.56,50.4,49,50.5,45.1,44.8,48.1,50.8,52.2,43.6,50.4,49.8,52.9,3,6.4,1.43,-0.28,-0.78,2372.23,2484.91
2012-06,7.6,131320.6,1683.96,9.8,11040.25,17.72,12724.21,-0.9,97.2,11.3,82808544,326.38,31.9,5780.92,12,9.5,9,6.3,6.16,42.43,31722105,4.3,4136,50.2,45.5,4.3,1.1,4.16,50.2,49.1,49.7,48.2,41.2,46.5,46.9,52.3,43.3,47.5,49.2,52,2.15,3.77,1.4,-0.55,-1.62,2225.43,2330.5
2012-07,,,-1144.07,8.2,10671.73,37.09,9527.66,-0.6,98.2,1,44110500,311.95,33.8,4347.88,10.7,9.2,2.7,4.7,4.74,-20.13,25146754,4.5,4556,,,,1.2,4.2,50.1,49,49.5,48.5,41,45,46.8,48,41.9,46.6,49,51.8,1.8,2.43,1.47,0.1,-0.12,2103.63,2203.89
2012-08,,,1157,4.2,7863,11.68,9020,-0.3,98.4,2.7,117935696,315.14,35,4763.16,10.6,8.9,0.2,-2.6,3.79,50.12,26660551,3.6,4495,,,,1,4,49.2,50,49.1,45.1,46.1,47,48.8,48.2,45.1,46.6,48.7,50.9,2,3.38,1.42,0.57,1.51,2047.52,2144.3
2012-09,7.5,138089.6,358.63,11.9,8258.37,-13.99,8617,-0.2,98.3,9.9,70797459,335.16,36.1,5136.39,10.5,9.2,6.3,2.4,4.7,90.64,27669029,2.9,4051,47.8,46.6,5.7,1.1,4.1,49.8,49.5,48.9,47,51,47.7,49.8,47.9,46.5,48.8,49.8,51.3,1.9,2.46,1.65,0.34,0.23,2086.17,2184.7
2012-10,,,-1827,13.7,10443.63,6.65,8616.63,-0.2,98.1,11.6,69681929,294.97,31.4,4578.12,10.8,9.6,7.2,2.4,7.13,88.14,32046686,6.1,3998,,,,1.3,4.3,50.2,50.1,49.2,47.3,54.3,48.4,51.2,48.1,43.8,49.3,50.4,52.1,1.7,1.78,1.7,-0.09,-0.83,2068.88,2166.49
2012-11,,,4288.38,21.9,7871.3,6.7,12159.68,-0.2,98,2.9,100024063,358.27,32.7,4902.35,11.9,10.1,1.5,0,8.41,35.14,19633275,7.6,4139,,,,1,4,50.6,49.9,48.7,47.9,50.1,48.5,51.4,48.8,45.3,50.2,51.2,52.5,2,2.96,1.6,0.12,0.35,1980.12,2073.24
2012-12,8.1,151812,12510.3,29.17,8306.7,4.22,20817,-0.3,99.5,14.1,76375698,342.38,31.6,4767.75,11.4,10.3,10.2,6,9.86,91.39,31618437,11.48,4563,49.3,43.5,7.2,0.5,3.5,50.6,48.8,49,47.3,53.3,49,52.1,49.4,45.9,50,51.2,52,2.5,4.25,1.7,0.79,2.44,2269.13,2376.04
2013-01,,,-5288.6,5.76,13655.86,19.08,8367.26,,,25,,,,,,,26.7,28.8,15.99,6.85,29146259,24.33,4518,,,,1,4,50.4,50,47.8,50.1,57.2,49.1,53.2,47.4,44.4,48.5,51.6,51.3,2,2.88,1.61,1.01,2.8,2385.42,2496.83
2013-02,,,-1032.66,7.3,8770.28,12.18,7737.62,-0.3,97.3,21.8,,,53.3,,23.4,9.9,1,-15.2,-1.99,-148.36,15225460,-12.49,3374,,,,-0.2,2.8,50.1,48.3,47.6,49.5,55.5,48.1,50.2,46.6,44.4,47.3,50.1,51.2,3.2,5.99,1.85,1.06,2.67,2365.59,2475.97
2013-03,7.9,129449.6,1324.11,6.1,9607.75,7.24,10931.86,-0.5,96.8,10,-30523444,358.53,44.1,4429.53,21.1,8.9,12,14.1,5.9,-115.39,-823098,1.94,4241,45.8,52.4,1.8,0.9,3.9,50.9,51.1,49.8,47.5,50.6,48.9,51.9,50.2,47.1,50.9,52.3,52.7,2.1,2.68,1.77,-0.91,-2.92,2236.62,2340.92
2013-04,,,-2122.86,6.1,11430.81,18.03,9307.95,0.4,98.5,14.7,81106736,354.74,48.6,4108.03,21.3,9.3,15.7,16.8,6.65,-1.44,18161480,6.78,4165,,,,0.6,3.6,50.6,50.8,49,47.5,40.1,48.7,51,47.7,43.6,48.6,51.7,52.6,2.4,4.05,1.58,0.24,0.4,2177.91,2279.54
2013-05,,,-2483,6.2,12749,12.01,10266,-0.1,97.8,1,105137940,424.41,41,5242.67,21.6,9.2,0.4,-0.3,5.31,9.23,20424958,5.02,4269,,,,0.9,3.9,50.8,50.8,48.8,47.6,45.1,50.3,51.5,48.6,44.9,49.4,51.8,53.3,2.1,3.22,1.55,-0.56,-1.56,2300.59,2408.25
2013-06,7.6,143518.7,726.72,12.1,12376.97,2.98,13103.69,0.3,97.5,-3.1,139818494,485.31,42.8,6863.82,20.8,8.9,-2,-0.7,7.05,-14.49,27124404,6.3,4384,48.4,49.1,2.5,0.3,3.3,50.1,50.3,48.7,47.4,44.6,47.9,49.5,48.2,42.9,47.7,50.4,52,2.7,4.93,1.59,0,0.01,1979.21,2071.26
2013-07,,,-2494.1,11,11848.61,-1.82,9354.51,0.2,98.4,5.1,79963845,400.5,40.2,5090.97,20.2,9.7,7.8,10.9,9.42,-29.14,17817951,8.8,4950,,,,0.3,3.3,50.3,50.1,49.1,47.6,50.1,48.4,50,47.3,44.7,49,50.6,52.4,2.7,5.02,1.56,0.1,-0.04,1993.8,2086.7
2013-08,,,1019.44,9.2,8588.17,6.51,9607.61,-0.1,98.3,7.2,75931669,439.02,40,5420.35,19.2,10.4,7.1,7,11.77,6.97,28518770,13.7,5103,,,,0.4,3.4,51,50.4,49.3,48,53.2,50,52,47.6,44.8,50.2,52.4,52.6,2.6,4.73,1.53,0.46,1.23,2098.38,2196.38
2013-09,7.9,152222.7,3494.49,13.4,9361.73,49.2,12856.22,-0.2,98,-0.3,92346574,411.63,37.6,6240.73,19.5,10.2,3.3,7.4,10.48,-45,15217214,10.4,4448,49.2,45.9,4.9,-0.1,2.9,51.1,50.8,49.1,48.5,54.5,50.4,52.5,47.4,46.2,50.7,52.8,52.9,3.1,6.1,1.59,0.81,1.55,2174.66,2276.26
2013-10,,,-1629.06,16.2,12136.41,21.94,10507.35,-0.2,97.9,5.6,49859212,386.95,36.9,5243.29,18.9,10.3,6.5,7.6,10.38,-2.93,31106712,9.5,4375,,,,-0.2,2.8,51.4,50.8,49.2,48.6,53.3,50,52.7,45.6,45.5,50.4,52.5,54.4,3.2,6.55,1.62,0.06,-0.41,2141.61,2241.64
2013-11,,,3532.57,15.9,9124.96,4.09,12657.53,-0.4,97.6,12.7,193952742,463.25,36,5890.01,19.1,10,9.3,5.3,9.23,72.16,33800918,8.5,4485,,,,0,3,51.4,50.6,49.6,47.8,52.5,50.5,53.6,47.9,45.3,50.6,52.3,54.5,3,5.94,1.63,-0.06,-0.22,2220.5,2324.35
2013-12,7.7,167772.3,15554,14.28,9493,20.32,25047,-0.4,99.1,4.3,97258105,539.79,38.2,5838.27,19.4,9.7,6.2,8.3,9.1,-18.91,25640850,7.67,4913,50.2,42.9,6.9,0.5,3.5,51,50.5,48.7,47.6,52.6,49,52.7,46.2,45.1,49.8,52,53.9,2.5,4.05,1.74,0.28,0.61,2115.98,2214.49
2014-01,,,-5281.23,13.03,15434.54,21.35,10153.31,,,10.6,,,,,,,10.3,10,3.69,9.34,31869303,-2.43,4408,,,,0.5,3.5,50.5,49.8,48.2,47.8,49.2,48.2,51,46.5,45.7,49.3,50.9,53,2.5,3.67,1.89,1,2.43,2033.08,2127.62
2014-02,,,-2574.59,8.18,9487.98,-10.65,6913.39,,,-18.1,,,27.1,,18.4,8.6,-4.8,10.1,9.55,-250.99,-22988794,13.7,3835,,,,1,4,50.2,49.9,48,47.4,47.7,46.5,49.4,47.8,45.1,48.2,50.5,52.6,2,2.65,1.59,0.53,1.66,2056.3,2152.8
2014-03,7.4,140759.8,3262.56,5.2,10103.21,22.26,13365.77,0.1,96.9,-6.6,45047298,408.79,20.8,5104.2,16.8,8.8,-9,-11.3,6.59,-1035.89,7703295,7.2,4544,47,51,2,0.6,3.6,50.3,49.8,48.3,47.8,44.4,49.1,50.3,48.3,44.8,50.1,50.6,52.7,2.4,4.07,1.55,-0.49,-1.57,2033.31,2128.78
2014-04,,,-3071.45,9.2,12481.26,1.09,9409.81,-0.1,97.9,0.9,90046666,407.1,18.9,4768.27,16.6,8.7,0.8,0.8,5.64,1.6,18452571,4.6,4356,,,,1.2,4.2,50.4,50.1,48.3,48.1,48.3,48.6,50.6,47.3,44.9,49.1,51.2,52.5,1.8,2.29,1.56,-0.34,-1.32,2026.36,2121.41
2014-05,,,-880.14,7.2,13669.98,24.6,12789.84,0,97.8,7,104151878,463.18,16.2,5744.27,14.6,8.8,3,-1.6,6.81,75.87,35921731,5.3,4492,,,,0.5,3.5,50.8,50.3,48.2,48,50,49,52.3,47.1,46,49.3,52.3,52.8,2.5,4.1,1.68,0.1,0.18,2039.21,2135.09
2014-06,7.5,156489.6,3060.93,8.8,13461.05,26.1,16521.98,0,97.5,7.2,134067074,621.75,19,7646.18,13.7,9.2,6.4,5.5,6.77,16.37,31564696,5.9,4639,50.6,45.8,3.6,0.7,3.7,51,50.5,48.6,48,50.1,49.2,52,47.3,46.2,50.3,52.8,53,2.3,3.68,1.67,-0.13,-0.4,2048.33,2144.75
2014-07,,,-2405.39,6.9,12661.58,9.6,10256.19,-0.5,97.9,14.5,121446782,481.86,19.3,5676.26,13.3,9,6.9,-1.6,5.46,165.47,47300551,3,5097,,,,0.7,3.7,51.7,50.2,48.3,49,50.5,49.3,53,47.6,46.4,50.8,53.6,54.2,2.3,3.6,1.64,0.05,-0.12,2201.56,2305.21
2014-08,,,1095,6.1,9109,6.2,10204,-0.1,98.2,9.4,121014460,507.53,18.7,5793.85,12.4,6.9,4,-2.4,3.91,74.75,49836476,-1.5,5025,,,,1,4,51.1,50,48.2,48.6,49.3,48.5,51.9,48.1,45.9,50,52.5,53.2,2,3.05,1.47,0.18,0.69,2217.2,2320.99
2014-09,7.1,165484.7,4072.52,6.3,9953.01,9.1,14025.53,0,98,15.3,104614509,624.03,22.8,6565.41,11.3,8,11.3,7,5.37,103.48,30963354,2.7,4570,47.9,45.7,6.3,1.4,4.4,51.1,50.1,48.2,48.8,47.4,48,51.2,47.2,45.6,50.2,52.2,53.6,1.6,2.32,1.28,0.45,0.83,2363.87,2474.59
2014-10,,,-3370.42,9.4,13280.2,5.7,9909.78,0,97.9,11.6,110969215,508.8,23.8,5739.48,11.1,7.7,8.4,4.6,4.2,45.97,45405487,3.1,4508,,,,1.4,4.4,50.8,50.1,48.4,48.4,45.1,47.9,50.7,47.9,44.7,49.9,51.6,53.1,1.6,2.5,1.16,0.03,-0.24,2420.18,2534.06
2014-11,,,2805.67,9.1,9952.91,0.8,12758.58,0,97.6,4.7,109764434,607.63,24.6,6211.32,10.5,7.2,-0.5,-6.7,4.15,61.17,54476378,3.3,4632,,,,1.35,4.2,50.3,50.3,48.2,47.7,44.7,47.3,50.5,47.2,43.9,48.4,50.9,52.5,1.4,2.31,1.01,-0.22,-0.4,2682.84,2809.63
2014-12,7.2,180828.9,14599.01,13.3,10755.12,1.23,25354.13,-0.3,98.7,9.7,63064450,516.99,21.3,5676.61,9.2,7.9,4,-2.4,3.72,93.49,49611875,4.15,5117,46.1,47.9,6,1.25,4.1,50.1,49.9,48.1,47.5,43.2,47.8,50.1,47.8,43.8,49.1,50.4,52.2,1.5,2.86,0.83,0.35,1.15,3234.68,3389.4
2015-01,,,-8066.64,4.98,16203.42,,8136.78,,,-3.3,,,,,,,-10.9,-19.9,6.74,88.37,60031885,,,,,,1.95,4.8,49.8,50.2,47.9,47.3,41.9,46.4,49.6,48,44,48.4,50.2,51.7,0.8,1.11,0.59,0.26,0.69,3210.36,3363.87
2015-02,,,1215.3,0.26,9513.08,31.85,10728.38,-0.2,97.3,48.3,,,14.9,,9.1,,10.8,-20.5,-1.08,-363.69,60618996,-6.3,3595,,,,1.35,4.2,49.9,49.9,47.8,48.2,43.9,47.5,49.4,47,43.8,48.5,50.4,51.4,1.4,2.37,0.95,1.19,2.92,3310.3,3468.7
2015-03,7,151137.9,3259.49,5.8,10690.62,4.4,13950.11,0.3,97.1,-15,56032356,521.03,20.6,5234.28,5.9,5.6,-13.8,-12.7,0.74,-60,3081216,-2.2,4448,42.5,55.5,2,1.1,3.95,50.1,50.1,48.4,48,45,48.1,49.7,48.6,44.1,48.3,50.2,52.1,1.4,2.33,0.89,-0.55,-1.6,3747.9,3928.24
2015-04,,,-967.59,8.2,13502.09,33.2,12534.5,-0.2,97.7,-6.4,76954961,399.7,13.6,4713.92,3.7,5.9,-11.1,-16.2,2.01,84.98,34134481,1.3,4415,,,,1,3.85,50.1,50.4,48,48.2,47.8,47.8,50.1,48,43.8,48.1,50.2,52.6,1.5,2.73,0.89,-0.21,-0.94,4441.66,4653.83
2015-05,,,-1231.34,5,14355.49,2.6,13124.15,-0.3,97.5,-2.5,106326254,511.74,12.8,5774.42,2.9,6.1,-9.3,-17.6,1.92,65.6,59488000,1.6,4567,,,,1.05,3.9,50.2,50.9,48.2,48.2,49.4,47.6,51,47.5,44.7,48.9,50.6,52.9,1.2,1.6,1.05,-0.17,-0.92,4611.74,4829.13
2015-06,7,168549.7,3478.78,13.9,15335.24,13.9,18814.02,-0.6,97,2.8,129232123,739.25,14.4,7861.12,2.8,6.8,-1.2,-6.1,2.04,47.44,46538778,1.8,4723,42.8,53.8,3.4,0.6,3.45,50.2,50.3,48.1,48.7,47.3,48,50.9,47.7,44.6,48.2,50.1,52.9,1.4,1.85,1.16,0.03,-0.15,4277.22,4479.9
2015-07,,,-1516.99,12.5,14249.36,24.1,12732.37,-0.1,97.7,-8.3,106725094,525.47,13.5,5874.51,3,6,-8.2,-8.1,1.38,-9.04,43024946,-1.3,5034,,,,0.4,3.25,50,50.4,48,48.4,44.7,47.8,50.3,47.4,44,47.9,49.9,52.4,1.6,2.73,1.11,0.31,0.74,3663.73,3838.07
2015-08,,,3172.18,6.2,9671.33,25.9,12843.51,-0.2,97.9,-5.5,91335304,600.58,14.2,5717.76,2.3,6.1,-9.1,-13.8,1.88,20.87,60239719,1.9,5124,,,,-0.25,2.6,49.7,50.6,47.9,48.3,44.9,47.2,49.4,47.2,44.6,47.7,49.7,51.7,2,3.68,1.09,0.48,1.63,3205.99,3358.81
2015-09,6.9,176597.7,6906.85,9.4,10891.86,26.9,17798.71,0,98,-3.7,87949952,588.44,11.1,6407.22,1.7,5.7,-11.4,-20.4,0.33,94.88,60341515,-0.2,4563,38.1,56.2,5.7,0.15,3,49.8,50.8,47.9,47.5,45.8,48.1,48.6,46.8,43.8,47.9,50.2,52.3,1.6,2.72,1.02,0.1,-0.09,3052.78,3197.37
2015-10,,,-943.66,8.7,14435.08,36.1,13491.42,-0.2,97.7,-7,76553172,547.03,10.7,5644.53,1.3,5.6,-12.2,-18.8,0.55,35.76,61643390,-0.2,4491,,,,0.2,3.05,49.8,50.6,47.8,47.2,44.4,47.5,48.8,47.2,44.4,47.4,50.3,52.2,1.3,1.9,0.9,-0.3,-1,3382.56,3542.16
2015-11,,,4982.05,11.4,11087.38,25.9,16069.43,-0.2,97.4,-6.8,102184406,651.44,10.3,5919.48,0.7,6.2,-7.6,-8.7,0.67,-0.69,54103063,0.6,4658,,,,0,2.85,49.6,50.6,47.6,47.1,41.1,46.7,48.3,46.7,43,46.4,49.8,51.9,1.5,2.3,1.1,0,0,3445.4,3607.39
2015-12,6.8,192572.9,13262.57,14.2,12282.05,0.75,25544.62,-0.1,98.6,-1.4,50941969,558.42,10.1,5525.82,0.4,5.9,-4.1,-7.6,0.99,21.13,60093000,-2.15,5007,41,52.7,6.3,-0.1,2.75,49.7,50.7,47.4,47.6,42.4,47.6,50.3,46.1,43.6,47.5,50.2,52.2,1.6,2.7,1.1,0.5,1.5,3539.18,3704.3
2016-01,,,-7032.2,5.94,17166.3,,10134.1,,,-11.2,,,,,,,-14.3,-18.8,,5.42,63287000,,,,,,-0.3,2.55,49.4,50.5,47.8,46.8,45.1,46.4,49,44.6,43.4,46.9,49.5,51.4,1.8,4.1,1.2,0.5,2,2737.6,2864.76
2016-02,,,817.7,7.42,10218.5,,11036.2,,,-25.4,,,16.1,,1.8,,-20.8,-13.8,1.79,-46.23,32592000,4,3812,,,,-0.8,2.05,49,49.8,47.6,48,50.2,45.8,47.9,46.4,43.9,47.4,48.6,50.2,2.3,7.3,1,1.6,6.7,2687.98,2812.8
2016-03,6.7,162410,5276.8,7.1,11511.2,20.1,16788,0,97.1,11.5,94513859,584,14.2,5642,4.6,6.8,2,-7.6,5.23,869,29857000,5.6,4762,33.2,64.8,2,-0.8,2.05,50.2,51.3,48.1,48.2,55.3,50.1,52.6,46,45.7,50.2,51.4,52.3,2.3,7.6,1,-0.4,-1.8,3003.92,3143.56
2016-04,,,-2413.6,14.4,15522.9,4.5,13109.3,-0.2,97.5,-1.8,92518806,475,15.4,5217,6.4,6,-5.8,-10.9,4.16,33.48,45562000,1.9,4569,,,,-0.8,2.05,50.1,50.1,47.8,47.4,57.6,49.5,51,45.5,44.8,50.1,51,52.2,2.3,7.4,1.1,-0.2,-1.4,2938.32,3074.87
2016-05,,,-0.3,7.3,15460.8,17.6,15460.5,-0.1,97.3,-4.1,114771489,539,12.8,6231,6.8,6,-2.6,-0.4,3.65,-15.98,49980000,2.1,4730,,,,-0.5,2.35,50.1,50.4,48.2,47.6,55.3,49.6,51.2,46.8,45.1,50,50.7,52.3,2,5.9,1.1,-0.5,-2.7,2916.62,3052.78
2016-06,6.7,181408.2,7002.8,1.7,15634.1,19.9,22636.9,0.2,97.2,-4.8,127180773,760,10.1,8031,5.6,6.2,-6.4,-8.4,3.99,3.37,48108000,2.6,4925,37.7,59,3.2,-0.4,2.45,50,50.7,47.9,47,51.3,49.1,50.5,46.5,45,49.6,50.5,52.5,1.9,4.6,1.2,-0.1,-1.4,2929.61,3066.5
2016-07,,,-2001.9,3.3,14770.2,0.3,12768.3,-0.1,97.6,-4.4,108767828,525,8.5,5832,4.5,6,-7.9,-12.5,5.82,21.58,52308000,8.2,5523,,,,-0.3,2.55,49.9,50.5,48.2,47.3,54.6,49.3,50.5,46.8,45.5,49,50.4,52.1,1.8,3.3,1.4,0.2,-0.2,2979.34,3118.9
2016-08,,,4292.7,1.7,9894.1,10.3,14186.8,0.2,98.1,-2.8,99261435,545,5.7,6095,4.8,6.3,-1.1,1.5,6.72,-13.6,52049000,8.3,5631,,,,0.2,3.05,50.4,50.6,48.4,47.6,57.2,49.5,52.6,46.6,45,49.7,51.3,52.6,1.3,1.3,1.4,0.1,0.4,3085.49,3230.05
2016-09,6.7,191010.6,8614.3,4.9,11221.9,11.1,19836.2,-0.1,97.9,-10,96330335,636,6,6855,5.1,6.1,-6.6,-1.9,6.86,-30.41,41989000,6.9,4965,36.3,58,5.7,-0.4,2.45,50.4,49.9,48.6,47.4,57.5,50.4,51.9,46.4,45.2,50.1,50.9,52.8,1.9,3.2,1.6,0.7,1.7,3004.7,3145.17
2016-10,,,-3540.7,5.9,15359.2,-12.5,11818.5,0.2,97.9,-7.3,100897018,586,6.2,6363,5.9,6.1,-4.9,-1.4,9.35,-20.42,49056000,7,4890,,,,-0.6,2.25,51.2,50.2,48.8,48.1,62.6,49.9,52.4,46.9,45.8,49.2,52.8,53.3,2.1,3.7,1.7,-0.1,-1,3100.49,3246.25
2016-11,,,6573,3.1,11491,12.2,18064,0.4,97.8,0.1,109409168,626,5,6294,6,6.2,2.9,6.7,10.42,-17.55,44610000,7,5072,,,,-0.8,2.05,51.7,49.7,49.2,48.4,68.3,50.6,52.9,45.9,46.7,50.3,53.2,53.9,2.3,4,1.8,0.1,0.2,3250.03,3403.22
2016-12,6.8,211566.2,10700,-7.98,11302,-13.87,22002,0.2,98.8,-6.1,76042215,599,5.2,6116,6.4,6,-2.2,3.1,10.14,-32.08,40818000,6.87,5351,36.3,59,4.7,-0.6,2.25,51.4,50,48.9,48,69.6,50.3,52.1,44.4,46.2,50.1,53.2,53.3,2.1,2.4,2,0.2,0.4,3103.64,3249.59
2017-01,,,-6272.7,17.72,20208.1,37.51,13935.4,,,7.9,,,,,,,11.4,16.7,,-18.87,51347000,,,,,,-1,1.85,51.3,49.8,49.2,48,64.5,50.7,52.6,45,46.3,50.3,52.8,53.1,2.5,2.7,2.5,1,2.3,3159.17,3308.06
2017-02,,,-321.1,10.06,11245.4,-1.01,10924.3,,,-1.3,,,-0.6,,9,,15.8,38.1,18.16,-128.07,-9148000,17.2,4488,,,,0.7,3.55,51.6,50.5,49.7,48.6,64.2,51.2,51.4,47.6,46,50.8,53,53.7,0.8,-4.3,2.2,-0.2,-0.6,3241.73,3394.5
2017-03,6.8,181867.7,8145,12.2,12912.5,25.4,21057.5,-0.2,96.9,16.4,79353469,540,-3.8,6410,11.2,7.6,18.2,20.3,12.22,-19.87,23925000,7.9,5139,33.7,64.3,2,0.6,3.45,51.8,50.3,50,48.3,59.3,50.5,53.4,47.3,46.1,51,53.3,54.2,0.9,-4.4,2.3,-0.3,-1.9,3222.51,3374.66
2017-04,,,-3148.7,7.8,16784.2,3.8,13635.5,0.1,97.6,8,119383186,542,1.1,5690,10.6,6.5,9.7,11.9,10.26,-16.49,38048000,6,4847,,,,0.3,3.15,51.2,50.5,49.2,48.3,51.8,50.2,51.9,48.2,45,50.6,52.3,53.8,1.2,-3.5,2.4,0.1,-0.6,3154.66,3303.44
2017-05,,,841.4,3.7,16073.4,9.2,16914.8,0.4,97.7,8.7,107325981,635,5.1,6752,10,6.5,11.3,14.8,9.54,-18.35,40810000,5.1,4968,,,,0,2.85,51.2,50.2,49.4,48.5,49.5,50,51.5,46.6,45.4,50.7,52.3,53.4,1.5,-1.6,2.3,-0.1,-0.7,3117.18,3264.54
2017-06,6.8,201950.3,9933.5,8.9,17082.4,19.1,27015.9,0.5,97.7,11.3,166159346,788,4.8,8895,10.2,7.6,13.8,17.2,10.75,-11.11,42765000,6.5,5244,36.9,59.4,3.7,0,2.85,51.7,49.9,49,48.6,50.4,51.2,52.5,46.3,47.2,52,53.1,54.4,1.5,-1.2,2.2,-0.2,-1,3192.43,3343.39
2017-07,,,-2960.5,11.1,16456.5,5.4,13496,0.3,97.9,7.2,117408985,549,4.7,6365,10,6.4,8.8,11,12.92,-10.65,46736000,9.9,6072,,,,0.1,2.95,51.4,50.1,49.2,48.5,57.9,51.1,52.7,46.1,46.3,50.9,52.8,53.5,1.4,-1.1,2,0.1,-0.1,3273.03,3427.79
2017-08,,,3994.8,7.2,10652.5,2.9,14647.3,0.4,98.5,5.5,109830485,576,4.8,6757,10.1,6,8.8,13.3,8.86,-19.32,41992000,6.4,5991,,,,-0.3,2.55,51.7,49.3,49.1,48.3,65.3,51.4,52.9,45.5,46.1,50.4,53.1,54.1,1.8,-0.2,2.3,0.4,1.2,3360.81,3519.72
2017-09,6.7,212789.3,7532.4,9.2,12714,1.7,20246.4,0.3,98.3,8.1,118766667,694,5.4,7669,10.4,6.6,12.7,18.7,8.88,-32.2,28467000,7.2,5317,33.8,60.8,5.4,-0.1,2.75,52.4,49.3,49,48.9,68.4,51.1,53.8,44.2,47.4,51.3,54.8,54.7,1.6,-1.4,2.4,0.5,0.5,3348.94,3506.73
2017-10,,,-5112,5.4,16234,-8,11122,-0.2,97.8,6.9,127443919,605,5.2,6762,9.9,6.2,11.2,17.2,6.91,-22.18,38174000,5,5130,,,,-0.4,2.45,51.6,48.7,49,48.6,63.4,50.3,53.2,46.1,45.6,50.1,52.9,53.4,1.9,-0.4,2.4,0.1,0,3393.34,3553.72
2017-11,,,5181,-1.4,11385,-9.1,16566,-0.1,97.8,12.3,130992235,579,3.9,6799,9.7,6.1,14.7,17.7,6.28,-9.85,40214000,4.6,5310,,,,-0.2,2.65,51.8,49.5,48.8,48.4,59.8,51,53.5,46.1,46.6,50.8,53.6,54.3,1.7,-1.1,2.5,0,-0.5,3317.19,3474.01
2017-12,6.7,235428.7,12951,-4.97,10819,43.49,23770,-0.3,98.8,10.9,100134223,599,3.5,6478,9.4,6.2,8,4.5,5.84,33.97,54685000,7.38,5746,32.6,60.5,6.9,-0.3,2.55,51.6,49.3,48.5,48,62.2,51.2,53.6,45.8,46.3,51.9,53.4,54,1.8,-0.4,2.4,0.3,1.1,3307.17,3463.48
2018-01,,,-10693.5,16.89,23621.1,-7.23,12927.6,,,11.1,,,,,,,22,36.9,,-60.39,20340000,,,,,,0,2.85,51.3,49.2,48.3,48.8,59.7,50.4,52.9,47,45.3,49.5,52.6,53.5,1.5,-0.5,2,0.6,2.2,3480.83,3645.8
2018-02,,,3202,15,12932.3,47.69,16134.3,,,44.5,,,-0.2,,12.3,,24.5,6.3,4.73,-468.86,33743000,2,4557,,,,-1.4,1.45,50.3,48.4,48.1,49.3,53.4,49.8,50.8,46.7,44.9,49,51,50.7,2.9,4.4,2.5,1.2,4.4,3259.41,3413.74
2018-03,6.8,202035.7,7942,8.37,13993,4.17,21935,0,97.3,-2.7,93413200,540,-0.1,7326,13.3,6,5.3,14.4,5.32,-120.83,-4983000,3.6,5325,34.4,63.5,2.1,-0.6,2.25,51.5,50.1,49.1,49.6,53.4,51.3,53,47.3,46,51.3,53.3,53.1,2.1,2.1,2.1,-1.1,-4.2,3168.9,3318.71
2018-04,,,-3777,11,18473,8.2,14696,0.8,98.9,12.9,140938657,453,-5.1,6626,14.2,7,16.7,21.5,7.72,-24.36,28780000,7.8,5217,,,,-0.3,2.55,51.4,50.2,49,49.5,53,50.2,52.6,47.2,46.2,50.7,52.9,53.1,1.8,0.7,2.1,-0.2,-1.9,3082.23,3227.92
2018-05,,,-628,9.7,17631,0.5,17003,-0.7,97.8,12.6,161507352,539,-7.8,7706,14.2,6.8,18.5,26,11.72,-38.94,24920000,11.4,5534,,,,-0.3,2.55,51.9,50.1,49.1,49.6,56.7,50.9,53,46.1,45.9,51.2,53.8,54.1,1.8,0.1,2.2,-0.2,-1.3,3095.47,3242.11
2018-06,6.7,223962.2,11217,3.5,17680,7,28897,-0.9,97.8,11.3,202387066,649,-10.3,9953,13.6,6,12.5,14.1,9.61,-2.7,41610000,8,5663,35.5,61.3,3.2,-0.4,2.45,51.5,50.2,49,48.8,57.7,50,52.8,46.3,45.5,49.8,53.2,53.6,1.9,0.3,2.2,-0.1,-0.8,2847.42,2981.99
2018-07,,,-3517,6.1,17461,3.3,13944,-0.5,98,12.2,151120100,506,-9.9,7453,14.2,6,18.8,27.3,8.6,-39.98,28050000,6.8,6484,,,,-0.6,2.25,51.2,50,49.2,48.9,54.3,49.6,51.5,47.1,45.7,49.8,52.3,53,2.1,0.5,2.4,0.3,0.1,2876.4,3012.5
2018-08,,,4060,4,11077,3.3,15137,-0.6,98.5,9.8,145742358,498,-10.4,7671,14.1,6.1,14.3,20,9.82,-33.53,27910000,8.8,6521,,,,-0.8,2.05,51.3,49.6,49.4,48.7,58.7,49.1,51.8,47.4,46.7,49.4,52.2,53.3,2.3,1.7,2.5,0.7,2.4,2725.25,2853.9
2018-09,6.5,234474.3,9653,2,12963,11.7,22616,-0.4,98.8,14.5,174201742,571,-11.4,8692,14,5.8,14.4,14.3,9.76,11.32,31690000,8,5742,31.8,63.3,5,-1,1.85,50.8,49.7,48.3,47.8,59.8,48.5,51.5,47.4,45.2,48,52,53,2.5,3.6,2.2,0.7,2.4,2821.35,2954.75
2018-10,,,-3696,-3.1,15727,8.2,12031,-0.4,98.1,15.6,149625600,502,-12,7564,13.7,5.9,18.2,21.4,9.55,-10.88,34020000,6.7,5481,,,,-1,1.85,50.2,49.5,48.1,47.2,58,47.6,51,47.1,44.3,46.9,50.8,52,2.5,3.3,2.4,0.2,-0.3,2602.78,2725.67
2018-11,,,5656,-5.4,10775,-0.8,16431,-0.7,97.6,5.4,193993833,512,-12,7657,13.6,5.4,4.3,3,10.4,11.28,44750000,6.3,5647,,,,-0.7,2.15,50,50.3,48.3,47.4,50.3,47.1,50.8,48.6,44.3,47,50.4,51.9,2.2,2.5,2.1,-0.3,-1.2,2588.19,2710.17
2018-12,6.4,258808.9,18136,1.85,11019,22.65,29155,-0.3,98.5,-4.4,128877663,573,-11.3,7165,13.4,5.7,-5.8,-7.6,11.33,4.34,57060000,8.77,6250,36,58.4,5.7,-0.4,2.45,49.4,50.4,48,47.1,44.8,45.9,49.8,48.2,44.1,46.6,49.7,50.8,1.9,2.5,1.7,0,1.1,2493.9,2611.38
2019-01,,,,,,,,,,9.1,,,,,,,4,-1.5,,92.53,39160000,,,,,,-0.2,2.65,49.5,50.1,47.8,48.1,46.3,47.1,49.1,47.1,43.7,46.9,49.6,50.9,1.7,1.9,1.7,0.5,1.6,2584.57,2706.59
2019-02,,,,,,,,,,-20.7,,,2.5,,18,,-13.8,-5.2,6.82,-87.79,4120000,7.2,4891,,,,0,2.85,49.2,49.8,47.5,46.3,51.9,44.8,48.3,46.4,43.6,45.2,50.6,49.5,1.5,0.7,1.7,1,3.2,2940.95,3080.11
2019-03,6.4,218062.8,10763,3.99,14552,15.41,25315,1.3,98.8,14.2,219417474,493,-2.6,8545,17.3,8.5,3.1,-7.6,7.81,-755.23,32650000,7.5,5732,36.3,61.9,1.8,-0.8,2.05,50.5,50.2,47.6,48.4,53.5,48.7,51.2,47,46.4,47.1,51.6,52.7,2.3,4.1,1.8,-0.4,-0.9,3090.76,3237.2
2019-04,,,-1957,2.83,18995,15.94,17038,-2.4,97.2,-2.7,210868409,445,-2.4,7669,16.8,5.4,0.4,4,8.74,-51.91,13840000,5.8,5534,,,,-1,1.85,50.1,49.9,47.2,47.2,53.1,49.7,51.1,46.5,44,49.2,51.4,52.1,2.5,6.1,1.7,0.1,-0.1,3078.34,3224.02
2019-05,,,88,-2.06,17268,2.08,17356,-0.2,97.7,1.1,183063493,499,-3.6,8855,16.3,5,-3.4,-8.5,6.59,67.17,41660000,2.3,5665,,,,-1.2,1.65,49.4,50.9,47,47.4,51.8,47.1,50.5,48.1,44.3,46.5,49.8,51.7,2.7,7.7,1.6,0,0.2,2898.7,3036.03
2019-06,6.2,242573.8,12588,1.4,17927,5.6,30515,-0.8,97.1,-1.3,228110839,709,-0.7,11387,15.8,6.3,-4,-7.3,8.35,22.52,50980000,5.5,5987,36.9,59.7,3.4,-1.2,1.65,49.4,50.2,46.9,48.2,49,46.8,49.7,48.1,44.5,46.3,49.6,51.3,2.7,8.3,1.4,-0.1,-0.3,2978.88,3119.99
2019-07,,,-3352,1.81,17777,3.45,14425,0.1,98.3,3.3,172249904,518,-0.2,8299,15.1,4.8,-0.8,-5.6,7.08,60.61,45050000,2.7,6672,,,,-1.3,1.55,49.7,50.1,47.1,48,50.7,47.4,50.4,47,44.7,46.9,49.8,52.1,2.8,9.1,1.3,0.4,0.9,2932.51,3071.73
2019-08,,,3668,3.26,11438,-0.2,15106,-0.3,98.3,-1,134126108,528,0.6,8721,14.9,4.4,-3.2,-5.6,7.7,24.79,34830000,3.6,6770,,,,-1.3,1.55,49.5,50.3,46.9,47.5,48.6,46.7,49.3,47.8,44.8,47.2,49.7,51.9,2.8,10,1.1,0.7,3.2,2886.24,3023.71
2019-09,6,252208.7,11926,5.05,13617,12.94,25543,-0.1,98.8,-3.2,161484040,586,0.8,9959,14.9,5.8,-5.7,-8.5,7.18,25.12,39650000,4.4,6020,34.4,61.5,4.1,-1.5,1.35,49.8,50.5,47,47.6,52.2,47.1,50.4,47.1,44.7,48.2,50.5,52.3,3,11.2,1,0.9,3.5,2905.19,3043.35
2019-10,,,-5051,8.26,17026,-0.47,11975,-0.5,97.7,-0.9,158394142,541,1.6,8520,14.6,4.7,-3.4,-6.4,7.91,25.84,42810000,5,5790,,,,-2.3,0.55,49.3,50.1,47.3,47.4,50.4,46.9,49.8,46.7,44.9,47,49.6,50.8,3.8,15.5,0.9,0.9,3.6,2929.06,3068.72
2019-11,,,4613,4.53,11263,-3.38,15876,0.1,98,-1.1,187060821,568,2.5,8566,14.4,6.2,-0.5,0.3,8.04,-13.45,38730000,4.7,5912,,,,-3,-0.15,50.2,50.5,47.3,47.8,49,49.8,51,46.4,44.9,48.8,51.3,52.6,4.5,19.1,1,0.4,1.8,2871.98,3009.43
2019-12,6,278019.7,20996,3.59,11415,15.7,32411,-0.8,98.2,7.6,152863738,607,2.8,7839,13.9,6.9,11.3,16.3,13.64,-18,46790000,13.78,7111,39.2,55,5.7,-3,-0.15,50.2,51.1,47.3,47.2,51.8,49.9,51.3,45.6,45,50.3,51.2,53.2,4.5,17.4,1.3,0,-0.4,3050.12,3195.98
2020-01,,,,,,,,,,,,,,,,,,,,,,,,,,,-3.9,-1.05,50,49.9,47.5,47.1,53.8,49,51.6,46,46.3,48.7,51.4,51.3,5.4,20.6,1.6,1.4,4.4,2976.53,3118.92
2020-02,,,,,,,,,,,,,-17.8,,-16,,,,0.59,,,-10.1,4398,,,,-3.7,-0.85,35.7,32.1,31.8,33.9,51.4,31.9,29.3,46.1,35.6,28.7,29.3,27.8,5.2,21.9,0.9,0.8,4.3,2880.3,3018.36
2020-03,-6.8,206504.3,12182,-26.11,10752,-9.41,22934,-4.1,95,-6.6,208728512,486,-10.8,8697,-7.2,-1.1,-4,-0.9,3.64,-39.05,19900000,-4.2,5493,53.9,44.2,2,-2.8,0.05,52,48.2,50.9,49,45.5,48.4,52.7,49.1,46.3,46.4,52,54.1,4.3,18.3,0.7,-1.2,-3.8,2750.3,2882.25
2020-04,,,2163,-14.98,16149,7.48,18312,0.8,98,3.5,204820533,494,-4.8,8223,-2.8,3.9,-5,-14.2,4.54,227.6,45340000,0.7,5572,,,,-1.8,1.05,50.8,50.1,50.2,48.2,42.5,43.9,52,49.3,43.6,33.5,50.2,53.7,3.3,14.8,0.4,-0.9,-3,2860.08,2997.56
2020-05,,,1146,-10.01,15539,-3.87,16685,0,97.8,-3.3,189599272,550,-1.2,9527,0,4.4,-9.3,-16.7,6.06,51.06,62930000,4.6,5926,,,,-0.9,1.95,50.6,50.5,49.4,47.3,51.6,45.3,50.8,47.3,44.1,35.3,50.9,53.2,2.4,10.6,0.4,-0.8,-3.5,2852.35,2989.86
2020-06,3.2,250110,,,,,,0.5,97.8,0.5,,647,-3.1,12585,2.6,4.8,1.5,2.7,,-8.94,46420000,,,,,,-1,1.85,50.9,50.5,49.1,47.6,56.8,47,51.8,46.8,44.8,42.6,51.4,53.9,2.5,11.1,0.3,-0.1,0.2,2984.67,3128.45
2020-07,,,,,,,,,,,,,,,,,,,,,,,,,,,,,,,,,,,,,,,,,,,,,,3214.13,3368.9
